"Name","Agent","State","Notes","User","Tags","Created","Runtime","Sweep","attention_heads","batch_size","dropout","early_stopping","epochs","gnn_type","hidden_size","learning_rate","method","metric.goal","metric.name","min_delta","name","optimizer","output_mlp_hidden_layers","parameters.attention_headss","parameters.batch_sizes","parameters.dropouts","parameters.early_stoppings","parameters.epochss","parameters.gnn_types","parameters.hidden_size.distribution","parameters.hidden_size.max","parameters.hidden_size.min","parameters.learning_rate.distribution","parameters.learning_rate.max","parameters.learning_rate.min","parameters.min_deltas","parameters.optimizers","parameters.output_mlp_hidden_layerss","parameters.patiences","patience","Training Loss","Validation Loss","mae","mse","r2"
"giddy-sweep-125","","finished","-","","","2026-02-06T15:38:40.000Z","64","0q7pb3yf","1","64","0.3","false","150","gcn","57","0.004901811253748361","","","","0.0001","","adam","2","","","","","","","","","","","","","","","","","15","0.7190907328359543","","0.5717374682426453","0.7279443740844727","0.3718003253293203"
"spring-sweep-1030","","finished","-","","","2026-02-07T03:13:35.000Z","77","0q7pb3yf","2","64","0.5","false","150","gcn","128","0.0040057571191267315","","","","0.0001","","adam","3","","","","","","","","","","","","","","","","","15","0.7170294145102142","","0.5654347538948059","0.7314558029174805","0.3687701061251062"
"lemon-sweep-627","","finished","-","","","2026-02-06T22:00:53.000Z","75","0q7pb3yf","1","64","0.3","false","150","gcn","95","0.0019952368105706137","","","","0.0001","","adam","3","","","","","","","","","","","","","","","","","15","0.682270392294853","","0.5749550461769104","0.7417493462562561","0.35988698024211996"
"balmy-sweep-369","","finished","-","","","2026-02-06T18:43:23.000Z","53","0q7pb3yf","1","128","0","false","150","gcn","118","0.0018313183693133056","","","","0.0001","","adam","3","","","","","","","","","","","","","","","","","15","0.6600526438114491","","0.5592904686927795","0.7425455451011658","0.3591998873075265"
"legendary-sweep-198","","finished","-","","","2026-02-06T16:32:02.000Z","113","0q7pb3yf","4","32","0","false","150","gcn","125","0.000116582207338132","","","","0.0001","","adam","3","","","","","","","","","","","","","","","","","15","0.6555655401961137","","0.5589348673820496","0.7443227767944336","0.3576661667683336"
"tough-sweep-1070","","finished","-","","","2026-02-07T03:50:30.000Z","66","0q7pb3yf","1","64","0","false","150","gcn","125","0.004519792816191529","","","","0.0001","","adam","1","","","","","","","","","","","","","","","","","15","0.6713147586391818","","0.5665722489356995","0.7472753524780273","0.3551181615945106"
"skilled-sweep-1090","","finished","-","","","2026-02-07T04:03:52.000Z","37","0q7pb3yf","1","128","0.3","false","100","gcn","124","0.009998202708113892","","","","0.0001","","adam","2","","","","","","","","","","","","","","","","","15","0.7534631389252683","","0.5624544620513916","0.7474574446678162","0.354961038435345"
"splendid-sweep-1059","","finished","-","","","2026-02-07T03:42:55.000Z","49","0q7pb3yf","4","256","0.5","false","150","gcn","92","0.005301588002884401","","","","0.0001","","adam","3","","","","","","","","","","","","","","","","","15","0.7398538812994957","","0.580358624458313","0.7481018304824829","0.3544048973718408"
"morning-sweep-610","","finished","-","","","2026-02-06T21:44:53.000Z","120","0q7pb3yf","8","32","0.3","false","100","gat","80","0.00110005842666347","","","","0.0001","","adam","3","","","","","","","","","","","","","","","","","15","0.7650705350022162","","0.5791717171669006","0.7511096000671387","0.35180933167073825"
"pretty-sweep-1040","","finished","-","","","2026-02-07T03:23:53.000Z","68","0q7pb3yf","4","64","0.3","false","150","gcn","91","0.0008782147045153384","","","","0.0001","","adam","2","","","","","","","","","","","","","","","","","15","0.7160245308312037","","0.5698144435882568","0.7528838515281677","0.3502781917237795"
"blooming-sweep-494","","finished","-","","","2026-02-06T20:09:43.000Z","61","0q7pb3yf","4","64","0","false","150","gcn","88","0.002013022245055366","","","","0.0001","","adam","1","","","","","","","","","","","","","","","","","15","0.6667066810912984","","0.5585528016090393","0.7556577920913696","0.34788429333429083"
"quiet-sweep-890","","finished","-","","","2026-02-07T01:29:53.000Z","109","0q7pb3yf","2","32","0.5","false","150","gcn","87","0.0006726515772551247","","","","0.0001","","adam","3","","","","","","","","","","","","","","","","","15","0.7183204671388032","","0.6044155359268188","0.7573555111885071","0.3464192221725442"
"super-sweep-583","","finished","-","","","2026-02-06T21:25:36.000Z","106","0q7pb3yf","1","32","0.5","false","150","gcn","92","0.00025173256376034386","","","","0.0001","","adam","3","","","","","","","","","","","","","","","","","15","0.7340887803384053","","0.5460707545280457","0.7585387229919434","0.3453981631476014"
"gallant-sweep-882","","finished","-","","","2026-02-07T01:23:07.000Z","88","0q7pb3yf","2","32","0.3","false","150","gcn","62","0.0034671743855806","","","","0.0001","","sgd","3","","","","","","","","","","","","","","","","","15","0.7778176546737712","","0.5688095688819885","0.7597360014915466","0.3443649344555546"
"daily-sweep-323","","finished","-","","","2026-02-06T18:04:52.000Z","64","0q7pb3yf","4","64","0.3","false","150","gcn","38","0.001565379474915136","","","","0.0001","","adam","2","","","","","","","","","","","","","","","","","15","0.7429223813677347","","0.5875066518783569","0.7621119618415833","0.3423144917587376"
"desert-sweep-37","","finished","-","","","2026-02-06T14:25:06.000Z","108","0q7pb3yf","1","32","0","false","150","gcn","74","0.00013829259638735436","","","","0.0001","","adam","3","","","","","","","","","","","","","","","","","15","0.7158156916979821","","0.595377504825592","0.7640052437782288","0.3406806342410924"
"driven-sweep-690","","finished","-","","","2026-02-06T22:53:07.000Z","48","0q7pb3yf","4","128","0.5","false","150","gcn","89","0.0008133246079402248","","","","0.0001","","adam","2","","","","","","","","","","","","","","","","","15","0.7672891952890031","","0.5917035341262817","0.7656643986701965","0.3392488774829924"
"gallant-sweep-728","","finished","-","","","2026-02-06T23:21:48.000Z","246","0q7pb3yf","8","256","0","false","150","gat","98","0.008883297774015045","","","","0.0001","","adam","3","","","","","","","","","","","","","","","","","15","0.6776848261555036","","0.5841805338859558","0.7659803628921509","0.33897620997378664"
"polished-sweep-167","","finished","-","","","2026-02-06T16:09:00.000Z","66","0q7pb3yf","4","64","0.5","false","150","gcn","99","0.00022427737561491227","","","","0.0001","","adam","2","","","","","","","","","","","","","","","","","15","0.7785109073244115","","0.568071186542511","0.7671849131584167","0.3379366733771667"
"zesty-sweep-772","","finished","-","","","2026-02-06T23:55:42.000Z","74","0q7pb3yf","8","32","0","false","100","gcn","88","0.004818936906984831","","","","0.0001","","adam","3","","","","","","","","","","","","","","","","","15","0.6672397064425613","","0.5681610107421875","0.7677817940711975","0.3374215605233045"
"volcanic-sweep-558","","finished","-","","","2026-02-06T21:08:24.000Z","50","0q7pb3yf","2","128","0","false","150","gcn","100","0.0017714106732894684","","","","0.0001","","adam","1","","","","","","","","","","","","","","","","","15","0.7170472715763335","","0.5715643167495728","0.7698047161102295","0.33567584277619955"
"stellar-sweep-250","","finished","-","","","2026-02-06T17:15:21.000Z","157","0q7pb3yf","8","64","0","false","100","gat","97","0.002595876397530945","","","","0.0001","","adam","1","","","","","","","","","","","","","","","","","15","0.7047633515891208","","0.58392333984375","0.7701447010040283","0.33538241736297525"
"crisp-sweep-1046","","finished","-","","","2026-02-07T03:32:19.000Z","191","0q7pb3yf","8","32","0.3","false","100","gat","94","0.0015655998252686724","","","","0.0001","","adam","3","","","","","","","","","","","","","","","","","15","0.7607022354839951","","0.585110068321228","0.770891010761261","0.33473832955499827"
"fast-sweep-710","","finished","-","","","2026-02-06T23:07:10.000Z","59","0q7pb3yf","4","64","0","false","100","gat","72","0.0014319266970391064","","","","0.0001","","adam","2","","","","","","","","","","","","","","","","","15","0.7092413222917946","","0.5908196568489075","0.7718444466590881","0.33391556133144185"
"wise-sweep-927","","finished","-","","","2026-02-07T02:00:33.000Z","47","0q7pb3yf","4","64","0.5","false","100","gcn","61","0.006102748444272452","","","","0.0001","","adam","3","","","","","","","","","","","","","","","","","15","0.7714696388731721","","0.5725972056388855","0.7721758484840393","0.33362961739199304"
"frosty-sweep-798","","finished","-","","","2026-02-07T00:18:12.000Z","24","0q7pb3yf","4","64","0","false","50","gcn","112","0.00512718515287827","","","","0.0001","","adam","1","","","","","","","","","","","","","","","","","15","0.7718562144105152","","0.5877326130867004","0.7723221182823181","0.3335033883414199"
"charmed-sweep-1062","","finished","-","","","2026-02-07T03:44:43.000Z","120","0q7pb3yf","2","32","0.5","false","150","gcn","112","0.005889543203947332","","","","0.0001","","adam","3","","","","","","","","","","","","","","","","","15","0.7316970889286328","","0.5737437605857849","0.7732231020927429","0.33272586241122537"
"brisk-sweep-996","","finished","-","","","2026-02-07T02:47:25.000Z","65","0q7pb3yf","4","32","0.5","false","100","gcn","55","0.0015489359904459345","","","","0.0001","","adam","2","","","","","","","","","","","","","","","","","15","0.7803602874759705","","0.5999072194099426","0.7737554311752319","0.3322664588193275"
"avid-sweep-7","","finished","-","","","2026-02-06T14:00:31.000Z","44","0q7pb3yf","8","32","0","false","50","gcn","113","0.00019256852797058972","","","","0.0001","","adam","3","","","","","","","","","","","","","","","","","15","0.7570041771377286","","0.5902000665664673","0.7740280628204346","0.33203121558876403"
"fearless-sweep-816","","finished","-","","","2026-02-07T00:32:34.000Z","93","0q7pb3yf","4","32","0","false","150","gcn","79","0.0014225906553997024","","","","0.0001","","adam","1","","","","","","","","","","","","","","","","","15","0.6854022401635365","","0.6015499830245972","0.7751790881156921","0.33103784304446493"
"valiant-sweep-67","","finished","-","","","2026-02-06T14:53:18.000Z","47","0q7pb3yf","1","128","0.3","false","150","gcn","42","0.008645823848921506","","","","0.0001","","adam","2","","","","","","","","","","","","","","","","","15","0.7401406035778371","","0.6078922152519226","0.7762389183044434","0.3301232928478365"
"pleasant-sweep-84","","finished","-","","","2026-02-06T15:05:48.000Z","94","0q7pb3yf","1","32","0.3","false","150","gcn","24","0.005664179878081314","","","","0.0001","","adam","3","","","","","","","","","","","","","","","","","15","0.7504855579426212","","0.5601999163627625","0.7763488292694092","0.33002843705758333"
"lively-sweep-1015","","finished","-","","","2026-02-07T03:01:41.000Z","32","0q7pb3yf","4","128","0.3","false","100","gcn","65","0.0055351372808601675","","","","0.0001","","adam","1","","","","","","","","","","","","","","","","","15","0.7785302876157963","","0.6007387638092041","0.77757328748703","0.32897173666659907"
"usual-sweep-1088","","finished","-","","","2026-02-07T04:02:04.000Z","69","0q7pb3yf","1","64","0.5","false","150","gcn","87","0.0032594338034184133","","","","0.0001","","adam","2","","","","","","","","","","","","","","","","","15","0.7226345612797686","","0.6195160150527954","0.7791087031364441","0.32764674637387237"
"charmed-sweep-729","","finished","-","","","2026-02-06T23:25:59.000Z","20","0q7pb3yf","4","128","0","false","50","gcn","93","0.005788100158450533","","","","0.0001","","adam","3","","","","","","","","","","","","","","","","","15","0.7619458487693299","","0.6103790998458862","0.7791361808776855","0.3276229858673725"
"celestial-sweep-52","","finished","-","","","2026-02-06T14:38:43.000Z","118","0q7pb3yf","2","32","0","false","150","gcn","124","0.001741623265168012","","","","0.0001","","adam","3","","","","","","","","","","","","","","","","","15","0.6353347958416067","","0.5625879764556885","0.7796557545661926","0.3271746236130185"
"genial-sweep-711","","finished","-","","","2026-02-06T23:08:10.000Z","93","0q7pb3yf","4","32","0.3","false","150","gcn","89","0.007152968986904758","","","","0.0001","","adam","1","","","","","","","","","","","","","","","","","15","0.7386016570912894","","0.6179685592651367","0.7798656821250916","0.32699346035415233"
"dark-sweep-83","","finished","-","","","2026-02-06T15:02:30.000Z","196","0q7pb3yf","8","256","0","false","100","gat","113","0.004474703065116565","","","","0.0001","","adam","3","","","","","","","","","","","","","","","","","15","0.7183953101436297","","0.5704959034919739","0.7800443172454834","0.3268393489665896"
"treasured-sweep-778","","finished","-","","","2026-02-07T00:00:56.000Z","48","0q7pb3yf","4","128","0.5","false","150","gcn","116","0.001177322395071808","","","","0.0001","","adam","1","","","","","","","","","","","","","","","","","15","0.7815319680153056","","0.5899975299835205","0.7809057235717773","0.3260959366765439"
"zany-sweep-1038","","finished","-","","","2026-02-07T03:21:33.000Z","64","0q7pb3yf","2","64","0","false","150","gcn","109","0.0002950220058037223","","","","0.0001","","adam","1","","","","","","","","","","","","","","","","","15","0.7263832005762285","","0.5826351046562195","0.7812179327011108","0.32582649761073523"
"driven-sweep-1098","","finished","-","","","2026-02-07T04:10:05.000Z","44","0q7pb3yf","1","64","0.5","false","100","gcn","40","0.0010606281952847071","","","","0.0001","","adam","2","","","","","","","","","","","","","","","","","15","0.8103746364834488","","0.5848315358161926","0.7815739512443542","0.3255192272687303"
"drawn-sweep-1104","","finished","-","","","2026-02-07T04:14:41.000Z","38","0q7pb3yf","1","32","0","false","50","gcn","26","0.004652559498581095","","","","0.0001","","adam","2","","","","","","","","","","","","","","","","","15","0.7764026162925587","","0.5698100328445435","0.7833606004714966","0.3239774012427322"
"soft-sweep-109","","finished","-","","","2026-02-06T15:26:26.000Z","48","0q7pb3yf","1","256","0.5","false","150","gcn","98","0.002444100493723472","","","","0.0001","","adam","3","","","","","","","","","","","","","","","","","15","0.7207065771023432","","0.6263256072998047","0.7834899425506592","0.3238658291031633"
"classic-sweep-21","","finished","-","","","2026-02-06T14:10:29.000Z","61","0q7pb3yf","1","64","0","false","150","gcn","124","0.003668160714515204","","","","0.0001","","sgd","3","","","","","","","","","","","","","","","","","15","0.7796401871788886","","0.6215605139732361","0.7838401198387146","0.32356357511425393"
"flowing-sweep-270","","finished","-","","","2026-02-06T17:28:50.000Z","88","0q7pb3yf","4","32","0.3","false","150","gcn","101","0.0027786156092218417","","","","0.0001","","sgd","2","","","","","","","","","","","","","","","","","15","0.8190874644024397","","0.5911069512367249","0.7838467359542847","0.32355791152091484"
"ruby-sweep-1035","","finished","-","","","2026-02-07T03:19:51.000Z","47","0q7pb3yf","8","64","0","false","100","gcn","119","0.0013242928290988012","","","","0.0001","","adam","2","","","","","","","","","","","","","","","","","15","0.6818658517253015","","0.6216656565666199","0.7840322852134705","0.3233977508535807"
"astral-sweep-601","","finished","-","","","2026-02-06T21:37:28.000Z","92","0q7pb3yf","4","32","0.5","false","150","gcn","74","0.0004134260057507597","","","","0.0001","","adam","1","","","","","","","","","","","","","","","","","15","0.7999121058051304","","0.5943081974983215","0.7843403220176697","0.3231319921268757"
"cerulean-sweep-497","","finished","-","","","2026-02-06T20:11:27.000Z","47","0q7pb3yf","8","64","0.5","false","100","gcn","79","0.009184327686254566","","","","0.0001","","adam","3","","","","","","","","","","","","","","","","","15","0.8104261653397673","","0.6339725255966187","0.7847298979759216","0.3227957393145092"
"firm-sweep-113","","finished","-","","","2026-02-06T15:28:37.000Z","48","0q7pb3yf","1","64","0","false","100","gcn","68","0.0021806971835916446","","","","0.0001","","adam","3","","","","","","","","","","","","","","","","","15","0.6860293207630035","","0.5716171264648438","0.7851736545562744","0.3224127551450312"
"polished-sweep-682","","finished","-","","","2026-02-06T22:46:45.000Z","68","0q7pb3yf","4","64","0","false","150","gcn","104","0.009130283389003364","","","","0.0001","","adam","2","","","","","","","","","","","","","","","","","15","0.6769189148820857","","0.5767932534217834","0.7854130864143372","0.3222061463204683"
"devout-sweep-206","","finished","-","","","2026-02-06T16:38:40.000Z","47","0q7pb3yf","4","64","0.5","false","100","gcn","116","0.0004025010488754869","","","","0.0001","","adam","2","","","","","","","","","","","","","","","","","15","0.7804334961598919","","0.6095160245895386","0.7858180999755859","0.3218566031979212"
"curious-sweep-708","","finished","-","","","2026-02-06T23:06:05.000Z","42","0q7pb3yf","1","256","0.3","false","150","gcn","107","0.003311514274150323","","","","0.0001","","adam","1","","","","","","","","","","","","","","","","","15","0.7738142932454745","","0.5712113976478577","0.7862910032272339","0.32144855709513054"
"giddy-sweep-990","","finished","-","","","2026-02-07T02:42:48.000Z","33","0q7pb3yf","8","128","0.5","false","100","gcn","111","0.0015582733857229275","","","","0.0001","","adam","1","","","","","","","","","","","","","","","","","15","0.8323949594446953","","0.5771511197090149","0.786462128162384","0.3213008547075744"
"vague-sweep-1034","","finished","-","","","2026-02-07T03:19:08.000Z","41","0q7pb3yf","1","256","0","false","150","gcn","47","0.0018788641273116496","","","","0.0001","","adam","3","","","","","","","","","","","","","","","","","15","0.7378449787696203","","0.6142544150352478","0.7872936725616455","0.3205832686565985"
"floral-sweep-518","","finished","-","","","2026-02-06T20:28:08.000Z","88","0q7pb3yf","2","64","0.3","false","150","gat","98","0.00015082709797623742","","","","0.0001","","adam","2","","","","","","","","","","","","","","","","","15","0.8602073795051985","","0.5666549801826477","0.7888244390487671","0.3192622374993733"
"good-sweep-277","","finished","-","","","2026-02-06T17:35:54.000Z","53","0q7pb3yf","8","128","0","false","150","gcn","93","0.0037131444143103094","","","","0.0001","","adam","3","","","","","","","","","","","","","","","","","15","0.6548297665220626","","0.5608657598495483","0.7890329360961914","0.3190823131783701"
"prime-sweep-899","","finished","-","","","2026-02-07T01:40:40.000Z","150","0q7pb3yf","8","64","0.5","false","100","gat","76","0.0021839456477305624","","","","0.0001","","adam","3","","","","","","","","","","","","","","","","","15","0.8245871775252844","","0.6169816255569458","0.789815366268158","0.31840711085477746"
"fanciful-sweep-760","","finished","-","","","2026-02-06T23:48:47.000Z","28","0q7pb3yf","8","256","0","false","100","gcn","100","0.00414310783497975","","","","0.0001","","adam","1","","","","","","","","","","","","","","","","","15","0.7274153133233389","","0.5769632458686829","0.7905689477920532","0.3177567389313247"
"snowy-sweep-399","","finished","-","","","2026-02-06T19:02:35.000Z","33","0q7pb3yf","4","128","0.5","false","100","gcn","57","0.0016280592249087362","","","","0.0001","","adam","2","","","","","","","","","","","","","","","","","15","0.8099320664050731","","0.6268582940101624","0.7906730771064758","0.3176669290397146"
"silver-sweep-143","","finished","-","","","2026-02-06T15:50:03.000Z","66","0q7pb3yf","2","32","0","false","100","gcn","46","0.0015045282797366624","","","","0.0001","","adam","3","","","","","","","","","","","","","","","","","15","0.7028149105207895","","0.5724062323570251","0.7907331585884094","0.3176150342296272"
"wise-sweep-1032","","finished","-","","","2026-02-07T03:16:11.000Z","128","0q7pb3yf","2","32","0.3","false","150","gat","45","0.004306096521052575","","","","0.0001","","adam","3","","","","","","","","","","","","","","","","","15","0.8227431599491386","","0.5847322940826416","0.7918283939361572","0.3166699007296989"
"winter-sweep-386","","finished","-","","","2026-02-06T18:52:22.000Z","63","0q7pb3yf","4","64","0.5","false","150","gcn","123","0.0037150986534245905","","","","0.0001","","sgd","3","","","","","","","","","","","","","","","","","15","0.8304850205939304","","0.585800290107727","0.793046772480011","0.3156184901440885"
"woven-sweep-144","","finished","-","","","2026-02-06T15:51:14.000Z","79","0q7pb3yf","2","64","0.3","false","150","gat","52","0.0014680744215963817","","","","0.0001","","adam","3","","","","","","","","","","","","","","","","","15","0.8010009741911324","","0.5595627427101135","0.7930572032928467","0.3156095293224218"
"eager-sweep-964","","finished","-","","","2026-02-07T02:26:59.000Z","74","0q7pb3yf","2","64","0.3","false","150","gcn","98","0.008392700908937631","","","","0.0001","","adam","3","","","","","","","","","","","","","","","","","15","0.7104462923542145","","0.6202568411827087","0.7965083122253418","0.31263118256568345"
"northern-sweep-274","","finished","-","","","2026-02-06T17:32:16.000Z","123","0q7pb3yf","1","32","0.3","false","150","gat","115","0.00035111138566053165","","","","0.0001","","adam","2","","","","","","","","","","","","","","","","","15","0.830175740744478","","0.5853420495986938","0.7965829372406006","0.3125668061312329"
"easy-sweep-724","","finished","-","","","2026-02-06T23:17:35.000Z","164","0q7pb3yf","8","256","0","false","100","gat","97","0.001921938979273575","","","","0.0001","","adam","3","","","","","","","","","","","","","","","","","15","0.7820509796341261","","0.5881173014640808","0.7967197895050049","0.3124487451141834"
"comic-sweep-9","","finished","-","","","2026-02-06T14:01:47.000Z","53","0q7pb3yf","2","256","0.3","false","150","gcn","91","0.0003830535819077622","","","","0.0001","","adam","3","","","","","","","","","","","","","","","","","15","0.8329726085066795","","0.6108753681182861","0.7971285581588745","0.31209600118533676"
"lyric-sweep-697","","finished","-","","","2026-02-06T22:59:11.000Z","35","0q7pb3yf","4","32","0.5","false","50","gcn","77","0.002094143929622106","","","","0.0001","","adam","2","","","","","","","","","","","","","","","","","15","0.8130473648348162","","0.6024186015129089","0.7985487580299377","0.31087035799545437"
"jolly-sweep-31","","finished","-","","","2026-02-06T14:16:39.000Z","101","0q7pb3yf","1","32","0","false","150","gcn","66","0.00031229276679224476","","","","0.0001","","adam","1","","","","","","","","","","","","","","","","","15","0.712225699536903","","0.6087523698806763","0.7989954948425293","0.31048485327674447"
"rural-sweep-870","","finished","-","","","2026-02-07T01:14:48.000Z","18","0q7pb3yf","1","256","0.3","false","50","gcn","94","0.004944420005774591","","","","0.0001","","adam","3","","","","","","","","","","","","","","","","","15","0.8097429995735487","","0.5966545343399048","0.7991505265235901","0.3103511094482915"
"worldly-sweep-1019","","finished","-","","","2026-02-07T03:04:40.000Z","35","0q7pb3yf","4","128","0","false","100","gcn","50","0.0008101005576375012","","","","0.0001","","adam","2","","","","","","","","","","","","","","","","","15","0.7594971117821145","","0.5880209803581238","0.7995849847793579","0.3099760890863823"
"dandy-sweep-129","","finished","-","","","2026-02-06T15:41:39.000Z","28","0q7pb3yf","8","256","0.3","false","100","gcn","45","0.0013948974194761285","","","","0.0001","","adam","3","","","","","","","","","","","","","","","","","15","0.8412982622782389","","0.5884299278259277","0.7997572422027588","0.30982746776863845"
"exalted-sweep-233","","finished","-","","","2026-02-06T17:01:29.000Z","68","0q7pb3yf","4","32","0.3","false","50","gat","95","0.0005388353698626041","","","","0.0001","","adam","3","","","","","","","","","","","","","","","","","15","0.8415268738904307","","0.6054413318634033","0.799965500831604","0.309647764388037"
"divine-sweep-137","","finished","-","","","2026-02-06T15:45:57.000Z","93","0q7pb3yf","1","32","0","false","150","gcn","71","0.0021586883275638673","","","","0.0001","","adam","1","","","","","","","","","","","","","","","","","15","0.6668607880992274","","0.5752366781234741","0.7999916672706604","0.30962521195987225"
"astral-sweep-174","","finished","-","","","2026-02-06T16:13:54.000Z","42","0q7pb3yf","1","256","0.5","false","150","gcn","57","0.002841074003147915","","","","0.0001","","adam","1","","","","","","","","","","","","","","","","","15","0.8131166199843088","","0.6216792464256287","0.8000748753547668","0.309553351816368"
"snowy-sweep-649","","finished","-","","","2026-02-06T22:18:16.000Z","123","0q7pb3yf","8","64","0.5","false","100","gat","71","0.007496070337546171","","","","0.0001","","sgd","3","","","","","","","","","","","","","","","","","15","0.8353551273704857","","0.5993073582649231","0.8002902865409851","0.3093675000240452"
"exalted-sweep-361","","finished","-","","","2026-02-06T18:37:23.000Z","91","0q7pb3yf","4","32","0","false","100","gat","25","0.008665837744085587","","","","0.0001","","adam","3","","","","","","","","","","","","","","","","","15","0.7204224577033391","","0.6105958223342896","0.8032366633415222","0.30682476698547134"
"revived-sweep-210","","finished","-","","","2026-02-06T16:42:23.000Z","71","0q7pb3yf","2","32","0.5","false","100","gcn","107","0.00013539771200722525","","","","0.0001","","adam","2","","","","","","","","","","","","","","","","","15","0.8529280936846169","","0.5931639075279236","0.8033938407897949","0.306689143401627"
"hardy-sweep-930","","finished","-","","","2026-02-07T02:03:20.000Z","63","0q7pb3yf","4","64","0","false","150","gcn","82","0.005386337313014485","","","","0.0001","","sgd","3","","","","","","","","","","","","","","","","","15","0.7533184636023736","","0.6464110612869263","0.8045883774757385","0.3056583123967328"
"dainty-sweep-378","","finished","-","","","2026-02-06T18:48:52.000Z","19","0q7pb3yf","4","128","0.5","false","50","gcn","56","0.009154419773699777","","","","0.0001","","adam","3","","","","","","","","","","","","","","","","","15","0.840641513783881","","0.5771305561065674","0.8050689697265625","0.3052435820101814"
"stellar-sweep-49","","finished","-","","","2026-02-06T14:34:08.000Z","166","0q7pb3yf","8","32","0.3","false","150","gat","90","0.0010191481289633258","","","","0.0001","","sgd","3","","","","","","","","","","","","","","","","","15","0.8503565872388501","","0.5779470205307007","0.8062328100204468","0.30423924086600107"
"cosmic-sweep-901","","finished","-","","","2026-02-07T01:43:42.000Z","97","0q7pb3yf","4","32","0.5","false","150","gcn","108","0.0012392956360676823","","","","0.0001","","adam","1","","","","","","","","","","","","","","","","","15","0.739090012286299","","0.6500354409217834","0.8084576725959778","0.3023192150370385"
"royal-sweep-176","","finished","-","","","2026-02-06T16:16:42.000Z","32","0q7pb3yf","2","128","0","false","50","gat","100","0.005031262123810808","","","","0.0001","","adam","3","","","","","","","","","","","","","","","","","15","0.8258865995610014","","0.5885840058326721","0.8091344833374023","0.3017351288872189"
"desert-sweep-315","","finished","-","","","2026-02-06T18:00:29.000Z","56","0q7pb3yf","4","128","0.3","false","100","gat","43","0.0016292687616884082","","","","0.0001","","adam","2","","","","","","","","","","","","","","","","","15","0.8462121765664283","","0.5907946228981018","0.8092532157897949","0.3016326894055251"
"smart-sweep-670","","finished","-","","","2026-02-06T22:36:01.000Z","22","0q7pb3yf","2","256","0.3","false","50","gcn","121","0.007853494196064613","","","","0.0001","","adam","2","","","","","","","","","","","","","","","","","15","0.8471879487236341","","0.5980858206748962","0.8103692531585693","0.30066960850143387"
"helpful-sweep-928","","finished","-","","","2026-02-07T02:01:22.000Z","89","0q7pb3yf","2","32","0.3","false","100","gat","125","0.003397430009842661","","","","0.0001","","adam","1","","","","","","","","","","","","","","","","","15","0.8742004868484312","","0.596420407295227","0.8105303645133972","0.30053057167159236"
"fast-sweep-1004","","finished","-","","","2026-02-07T02:52:30.000Z","78","0q7pb3yf","8","64","0.3","false","50","gat","73","0.0008710681795526658","","","","0.0001","","adam","3","","","","","","","","","","","","","","","","","15","0.8539799019213645","","0.6411177515983582","0.8111551403999329","0.29999142872116313"
"spring-sweep-1029","","finished","-","","","2026-02-07T03:13:13.000Z","20","0q7pb3yf","8","128","0.3","false","50","gcn","103","0.004040926770512822","","","","0.0001","","adam","1","","","","","","","","","","","","","","","","","15","0.8397387044226869","","0.5802561044692993","0.8120078444480896","0.29925545312680746"
"cool-sweep-1031","","finished","-","","","2026-02-07T03:14:56.000Z","69","0q7pb3yf","1","64","0.3","false","150","gat","29","0.0016276765243541302","","","","0.0001","","adam","1","","","","","","","","","","","","","","","","","15","0.9004334333122418","","0.5980872511863708","0.8123771548271179","0.29893679056444855"
"noble-sweep-963","","finished","-","","","2026-02-07T02:26:32.000Z","26","0q7pb3yf","2","64","0","false","50","gcn","68","0.000257166179258543","","","","0.0001","","adam","3","","","","","","","","","","","","","","","","","15","0.8038358659513535","","0.5895674824714661","0.8136194944381714","0.2978646632213139"
"sparkling-sweep-800","","finished","-","","","2026-02-07T00:19:07.000Z","207","0q7pb3yf","8","128","0.3","false","100","gat","118","0.0023256049370038796","","","","0.0001","","adam","1","","","","","","","","","","","","","","","","","15","0.7888132308391814","","0.6496456265449524","0.8143296837806702","0.297251755913053"
"peachy-sweep-1021","","finished","-","","","2026-02-07T03:05:34.000Z","53","0q7pb3yf","4","64","0.3","false","100","gcn","127","0.00010438652928486752","","","","0.0001","","adam","3","","","","","","","","","","","","","","","","","15","0.8115105100216404","","0.5757585763931274","0.8149760365486145","0.29669404163781155"
"pious-sweep-197","","finished","-","","","2026-02-06T16:30:52.000Z","64","0q7pb3yf","1","64","0.5","false","150","gcn","30","0.0003627860449064664","","","","0.0001","","adam","3","","","","","","","","","","","","","","","","","15","0.8492269397422831","","0.5882420539855957","0.8152629137039185","0.2964464657117608"
"wobbly-sweep-280","","finished","-","","","2026-02-06T17:37:44.000Z","109","0q7pb3yf","4","128","0.5","false","100","gat","101","0.0016108585717263674","","","","0.0001","","adam","3","","","","","","","","","","","","","","","","","15","0.858543947022012","","0.5998526215553284","0.8153541088104248","0.29636771353049285"
"dutiful-sweep-792","","finished","-","","","2026-02-07T00:12:10.000Z","96","0q7pb3yf","2","64","0.3","false","150","gat","113","0.00013238225369274065","","","","0.0001","","adam","2","","","","","","","","","","","","","","","","","15","0.8617384257496045","","0.6432352662086487","0.8161652684211731","0.2956676776605772"
"restful-sweep-939","","finished","-","","","2026-02-07T02:08:18.000Z","53","0q7pb3yf","8","128","0","false","100","gat","16","0.0019833735539445986","","","","0.0001","","adam","2","","","","","","","","","","","","","","","","","15","0.7780871023523047","","0.6233978271484375","0.8161939382553101","0.2956429938316625"
"honest-sweep-651","","finished","-","","","2026-02-06T22:22:13.000Z","76","0q7pb3yf","2","32","0","false","150","gcn","9","0.007234616222191073","","","","0.0001","","sgd","2","","","","","","","","","","","","","","","","","15","0.7985239885346864","","0.6361696124076843","0.816787838935852","0.29513048033603184"
"polished-sweep-222","","finished","-","","","2026-02-06T16:51:10.000Z","53","0q7pb3yf","4","32","0","false","50","gat","114","0.004066096727006869","","","","0.0001","","adam","1","","","","","","","","","","","","","","","","","15","0.806173913901852","","0.6136319041252136","0.8171075582504272","0.29485455736989385"
"brisk-sweep-1107","","finished","-","","","2026-02-07T04:20:41.000Z","98","0q7pb3yf","1","64","0.5","false","150","gcn","45","0.00208500049608812","","","","0.0001","","adam","1","","","","","","","","","","","","","","","","","15","0.7752834808441901","","0.5644370913505554","0.8172814846038818","0.29470437199022126"
"brisk-sweep-1093","","finished","-","","","2026-02-07T04:05:41.000Z","129","0q7pb3yf","4","32","0.3","false","150","gat","53","0.0001193207493774462","","","","0.0001","","adam","1","","","","","","","","","","","","","","","","","15","0.8787610614171593","","0.6208577752113342","0.817730188369751","0.294317223117868"
"magic-sweep-835","","finished","-","","","2026-02-07T00:46:54.000Z","37","0q7pb3yf","4","128","0","false","50","gat","61","0.002262034135850779","","","","0.0001","","adam","2","","","","","","","","","","","","","","","","","15","0.8132063816202447","","0.6286742091178894","0.817733645439148","0.29431431336486924"
"ethereal-sweep-945","","finished","-","","","2026-02-07T02:11:56.000Z","34","0q7pb3yf","1","32","0","false","50","gcn","75","0.0002926758697937031","","","","0.0001","","adam","1","","","","","","","","","","","","","","","","","15","0.8251903311059039","","0.6127303242683411","0.8180181384086609","0.29406868178006884"
"effortless-sweep-460","","finished","-","","","2026-02-06T19:43:06.000Z","121","0q7pb3yf","8","128","0.5","false","100","gat","62","0.0017991106997281585","","","","0.0001","","adam","2","","","","","","","","","","","","","","","","","15","0.8634466611324473","","0.6600407361984253","0.818067729473114","0.2940259769557937"
"helpful-sweep-1005","","finished","-","","","2026-02-07T02:53:50.000Z","97","0q7pb3yf","2","256","0.5","false","150","gat","117","0.0020068759289853925","","","","0.0001","","adam","2","","","","","","","","","","","","","","","","","15","0.89283636957407","","0.6016705632209778","0.8180808424949646","0.2940145772052629"
"woven-sweep-327","","finished","-","","","2026-02-06T18:07:56.000Z","42","0q7pb3yf","8","64","0.3","false","100","gcn","19","0.003477810683283859","","","","0.0001","","adam","3","","","","","","","","","","","","","","","","","15","0.8228594378758503","","0.5914039611816406","0.8186636567115784","0.2935116712436793"
"laced-sweep-383","","finished","-","","","2026-02-06T18:51:05.000Z","36","0q7pb3yf","1","256","0","false","150","gcn","23","0.00234245572118146","","","","0.0001","","adam","3","","","","","","","","","","","","","","","","","15","0.7791688864429792","","0.6300004720687866","0.8201593160629272","0.29222099135886903"
"different-sweep-480","","finished","-","","","2026-02-06T19:57:53.000Z","214","0q7pb3yf","8","64","0.5","false","150","gat","71","0.00290708340950947","","","","0.0001","","adam","1","","","","","","","","","","","","","","","","","15","0.8532168769067333","","0.6308010220527649","0.8212344646453857","0.2912931146168014"
"jumping-sweep-877","","finished","-","","","2026-02-07T01:19:41.000Z","36","0q7pb3yf","8","256","0.3","false","150","gcn","19","0.002864941271500463","","","","0.0001","","adam","2","","","","","","","","","","","","","","","","","15","0.8351461564501127","","0.5952842235565186","0.8213653564453125","0.29118010029859187"
"valiant-sweep-684","","finished","-","","","2026-02-06T22:49:05.000Z","41","0q7pb3yf","8","32","0.5","false","50","gcn","46","0.0011799739543710685","","","","0.0001","","adam","3","","","","","","","","","","","","","","","","","15","0.8371641057473357","","0.59669429063797","0.8215031027793884","0.2910612968794114"
"lyric-sweep-478","","finished","-","","","2026-02-06T19:56:41.000Z","47","0q7pb3yf","1","256","0.3","false","150","gcn","105","0.000184668502568946","","","","0.0001","","adam","3","","","","","","","","","","","","","","","","","15","0.8366324665645758","","0.5994953513145447","0.8216262459754944","0.29095499159218596"
"easy-sweep-537","","finished","-","","","2026-02-06T20:40:51.000Z","36","0q7pb3yf","1","32","0.3","false","50","gcn","112","0.00033277383201670355","","","","0.0001","","adam","1","","","","","","","","","","","","","","","","","15","0.8621391650810036","","0.620800256729126","0.8224230408668518","0.2902673395574844"
"dazzling-sweep-179","","finished","-","","","2026-02-06T16:18:27.000Z","43","0q7pb3yf","1","32","0.3","false","50","gat","123","0.0002509625666285467","","","","0.0001","","adam","2","","","","","","","","","","","","","","","","","15","0.928592321052346","","0.6050631403923035","0.8228177428245544","0.28992678587995646"
"stilted-sweep-294","","finished","-","","","2026-02-06T17:47:28.000Z","62","0q7pb3yf","1","64","0.3","false","150","gcn","38","0.00020865508378794913","","","","0.0001","","adam","2","","","","","","","","","","","","","","","","","15","0.8726657052193919","","0.6038219928741455","0.8228968381881714","0.2898585016616615"
"peach-sweep-931","","finished","-","","","2026-02-07T02:04:25.000Z","61","0q7pb3yf","2","32","0","false","100","gcn","37","0.0008292535425503448","","","","0.0001","","adam","1","","","","","","","","","","","","","","","","","15","0.7267511483001453","","0.5732021927833557","0.8233625292778015","0.28945666020277394"
"stellar-sweep-69","","finished","-","","","2026-02-06T14:54:35.000Z","49","0q7pb3yf","4","128","0.3","false","150","gcn","64","0.00014563472018759558","","","","0.0001","","adam","3","","","","","","","","","","","","","","","","","15","0.8781593898509411","","0.6055914163589478","0.8237670063972473","0.28910763140287843"
"unique-sweep-36","","finished","-","","","2026-02-06T14:24:34.000Z","28","0q7pb3yf","1","64","0.3","false","50","gcn","72","0.009258758598908411","","","","0.0001","","adam","1","","","","","","","","","","","","","","","","","15","0.8215008204983126","","0.5971266627311707","0.8249640464782715","0.2880745534028136"
"gentle-sweep-489","","finished","-","","","2026-02-06T20:07:05.000Z","36","0q7pb3yf","2","32","0.5","false","50","gcn","55","0.0062055081841452765","","","","0.0001","","adam","3","","","","","","","","","","","","","","","","","15","0.8345278909289708","","0.5766289234161377","0.8263850808143616","0.2868482296549236"
"swift-sweep-256","","finished","-","","","2026-02-06T17:20:32.000Z","34","0q7pb3yf","8","128","0.3","false","100","gcn","76","0.0002464601915944302","","","","0.0001","","adam","3","","","","","","","","","","","","","","","","","15","0.8687063227308557","","0.6400805711746216","0.8266943693161011","0.28658129950488"
"dauntless-sweep-354","","finished","-","","","2026-02-06T18:32:05.000Z","122","0q7pb3yf","4","32","0.3","false","150","gat","22","0.0008130604243234142","","","","0.0001","","adam","2","","","","","","","","","","","","","","","","","15","0.8048038380921528","","0.5727356672286987","0.8276429772377014","0.28576277687306484"
"peach-sweep-567","","finished","-","","","2026-02-06T21:14:01.000Z","18","0q7pb3yf","8","128","0","false","50","gcn","25","0.0026788263064539204","","","","0.0001","","adam","2","","","","","","","","","","","","","","","","","15","0.8234971146634285","","0.5856198072433472","0.8278306722640991","0.28560073212425796"
"logical-sweep-818","","finished","-","","","2026-02-07T00:34:33.000Z","18","0q7pb3yf","8","128","0.5","false","50","gcn","50","0.00437205531611563","","","","0.0001","","adam","3","","","","","","","","","","","","","","","","","15","0.8689735430352231","","0.6081560254096985","0.8283587694168091","0.2851450102952192"
"noble-sweep-980","","finished","-","","","2026-02-07T02:36:51.000Z","86","0q7pb3yf","4","32","0","false","150","gcn","58","0.007213257422327477","","","","0.0001","","sgd","3","","","","","","","","","","","","","","","","","15","0.6796000752077308","","0.5736902952194214","0.8288084268569946","0.2847569013461835"
"olive-sweep-615","","finished","-","","","2026-02-06T21:51:29.000Z","132","0q7pb3yf","4","256","0","false","100","gat","107","0.00048215243786932626","","","","0.0001","","adam","1","","","","","","","","","","","","","","","","","15","0.8388375056286653","","0.611632227897644","0.8289331793785095","0.284649274741843"
"giddy-sweep-571","","finished","-","","","2026-02-06T21:16:28.000Z","86","0q7pb3yf","2","64","0.5","false","150","gat","58","0.002280408676385876","","","","0.0001","","adam","1","","","","","","","","","","","","","","","","","15","0.9273777594489436","","0.5982875823974609","0.8294100761413574","0.28423772763749644"
"hopeful-sweep-647","","finished","-","","","2026-02-06T22:17:11.000Z","40","0q7pb3yf","2","128","0","false","100","gat","48","0.007534281629387156","","","","0.0001","","adam","3","","","","","","","","","","","","","","","","","15","0.7403347530263535","","0.5975378751754761","0.8297896981239319","0.28391015386711316"
"prime-sweep-751","","finished","-","","","2026-02-06T23:43:47.000Z","31","0q7pb3yf","4","64","0","false","50","gat","59","0.0038118173000900313","","","","0.0001","","adam","3","","","","","","","","","","","","","","","","","15","0.7590381663332704","","0.6698411107063293","0.8301392793655396","0.2836084118347185"
"sweepy-sweep-570","","finished","-","","","2026-02-06T21:15:18.000Z","64","0q7pb3yf","2","128","0.3","false","150","gat","74","0.006689849377193965","","","","0.0001","","sgd","2","","","","","","","","","","","","","","","","","15","0.903438055768926","","0.6084743142127991","0.8306434750556946","0.2831732831093141"
"dulcet-sweep-1099","","finished","-","","","2026-02-07T04:10:54.000Z","25","0q7pb3yf","4","64","0.3","false","50","gcn","77","0.0022785135080273305","","","","0.0001","","adam","2","","","","","","","","","","","","","","","","","15","0.8114589568107359","","0.5706785321235657","0.8310424089431763","0.2828291102901247"
"peachy-sweep-574","","finished","-","","","2026-02-06T21:19:54.000Z","17","0q7pb3yf","8","256","0.3","false","50","gcn","79","0.0016072123216301958","","","","0.0001","","adam","3","","","","","","","","","","","","","","","","","15","0.8704099406798681","","0.5844032764434814","0.8313103914260864","0.28259789833046634"
"driven-sweep-521","","finished","-","","","2026-02-06T20:30:41.000Z","83","0q7pb3yf","2","32","0.5","false","100","gat","52","0.0006788542345392974","","","","0.0001","","adam","3","","","","","","","","","","","","","","","","","15","0.9020320021657532","","0.613053560256958","0.8318812251091003","0.28210519808233403"
"hearty-sweep-124","","finished","-","","","2026-02-06T15:37:51.000Z","46","0q7pb3yf","4","64","0","false","100","gcn","42","0.0029503415286595853","","","","0.0001","","adam","3","","","","","","","","","","","","","","","","","15","0.7308288642796137","","0.6573407649993896","0.83266681432724","0.28142720141982436"
"visionary-sweep-532","","finished","-","","","2026-02-06T20:37:30.000Z","60","0q7pb3yf","4","64","0","false","150","gcn","110","0.0016243384426292513","","","","0.0001","","sgd","3","","","","","","","","","","","","","","","","","15","0.8557377335845783","","0.6066865921020508","0.8338143229484558","0.2804369440971832"
"worthy-sweep-1095","","finished","-","","","2026-02-07T04:08:33.000Z","43","0q7pb3yf","2","128","0","false","150","gcn","14","0.009996804339660582","","","","0.0001","","sgd","2","","","","","","","","","","","","","","","","","15","0.8599646459234521","","0.5995869040489197","0.8355528116226196","0.2789366288226286"
"silver-sweep-794","","finished","-","","","2026-02-07T00:14:30.000Z","46","0q7pb3yf","8","256","0","false","150","gcn","113","0.009986206529519936","","","","0.0001","","adam","2","","","","","","","","","","","","","","","","","15","0.6792019543548425","","0.5745476484298706","0.8357077836990356","0.2788029725587644"
"zesty-sweep-215","","finished","-","","","2026-02-06T16:45:29.000Z","23","0q7pb3yf","8","256","0.3","false","50","gcn","106","0.0005767994431753476","","","","0.0001","","adam","3","","","","","","","","","","","","","","","","","15","0.8759987826148669","","0.6517502069473267","0.8363215923309326","0.2782732615011383"
"light-sweep-393","","finished","-","","","2026-02-06T18:58:13.000Z","62","0q7pb3yf","1","32","0.3","false","100","gcn","52","0.002441081064113154","","","","0.0001","","sgd","3","","","","","","","","","","","","","","","","","15","0.8742191326874559","","0.6032113432884216","0.8366824984550476","0.27796184272917634"
"pretty-sweep-333","","finished","-","","","2026-02-06T18:13:06.000Z","91","0q7pb3yf","2","32","0.5","false","150","gcn","20","0.0008380277082798832","","","","0.0001","","adam","2","","","","","","","","","","","","","","","","","15","0.8601373533407847","","0.6029629707336426","0.8372998833656311","0.2774289911262622"
"deep-sweep-837","","finished","-","","","2026-02-07T00:49:14.000Z","99","0q7pb3yf","8","64","0","false","50","gat","120","0.00018189781983309712","","","","0.0001","","adam","2","","","","","","","","","","","","","","","","","15","0.8403518164670596","","0.6114059686660767","0.8382291793823242","0.27662708502736133"
"serene-sweep-715","","finished","-","","","2026-02-06T23:11:25.000Z","37","0q7pb3yf","4","128","0","false","100","gcn","126","0.00018815225331068964","","","","0.0001","","adam","3","","","","","","","","","","","","","","","","","15","0.7344872038415138","","0.5760680437088013","0.8382849097251892","0.2765789466036359"
"upbeat-sweep-904","","finished","-","","","2026-02-07T01:46:29.000Z","57","0q7pb3yf","2","128","0.3","false","100","gat","103","0.002197269658516908","","","","0.0001","","adam","2","","","","","","","","","","","","","","","","","15","0.8726243047004051","","0.5770469903945923","0.8389002680778503","0.276047917035222"
"gentle-sweep-733","","finished","-","","","2026-02-06T23:27:44.000Z","17","0q7pb3yf","4","256","0.5","false","50","gcn","86","0.0019597927832047195","","","","0.0001","","adam","2","","","","","","","","","","","","","","","","","15","0.9166981875896454","","0.5990411043167114","0.8391485214233398","0.2758336527134151"
"glamorous-sweep-611","","finished","-","","","2026-02-06T21:46:56.000Z","145","0q7pb3yf","4","32","0.5","false","150","gat","94","0.0003061300514259524","","","","0.0001","","adam","1","","","","","","","","","","","","","","","","","15","0.840414414482732","","0.6919286251068115","0.8414995670318604","0.2738047821424996"
"elated-sweep-509","","finished","-","","","2026-02-06T20:20:48.000Z","43","0q7pb3yf","4","32","0.5","false","50","gat","33","0.0021904879505285292","","","","0.0001","","adam","2","","","","","","","","","","","","","","","","","15","0.9351658693725065","","0.641268253326416","0.8434578776359558","0.2721148043808781"
"fearless-sweep-266","","finished","-","","","2026-02-06T17:26:38.000Z","31","0q7pb3yf","4","128","0.5","false","100","gcn","68","0.0017620970860905273","","","","0.0001","","adam","1","","","","","","","","","","","","","","","","","15","0.8471435460638492","","0.6524736285209656","0.8436434864997864","0.2719545981563962"
"lively-sweep-6","","finished","-","","","2026-02-06T13:59:21.000Z","68","0q7pb3yf","2","32","0","false","50","gat","119","0.007041975328419451","","","","0.0001","","adam","3","","","","","","","","","","","","","","","","","15","0.857386927050288","","0.6059765219688416","0.8444716334342957","0.2712398989586754"
"fragrant-sweep-947","","finished","-","","","2026-02-07T02:13:28.000Z","61","0q7pb3yf","4","64","0.5","false","150","gcn","19","0.0005293135227948489","","","","0.0001","","adam","2","","","","","","","","","","","","","","","","","15","0.899376932972221","","0.6311559677124023","0.8459612727165222","0.26995444232508714"
"cool-sweep-556","","finished","-","","","2026-02-06T21:07:29.000Z","20","0q7pb3yf","1","128","0.5","false","50","gcn","45","0.003320149428696886","","","","0.0001","","adam","2","","","","","","","","","","","","","","","","","15","0.906447706070352","","0.6243607997894287","0.846009373664856","0.26991296960415556"
"neat-sweep-992","","finished","-","","","2026-02-07T02:44:20.000Z","43","0q7pb3yf","4","64","0","false","100","gcn","91","0.004457993214973091","","","","0.0001","","sgd","3","","","","","","","","","","","","","","","","","15","0.8437688286586474","","0.6711814999580383","0.8466956615447998","0.26932072536240015"
"usual-sweep-469","","finished","-","","","2026-02-06T19:49:51.000Z","113","0q7pb3yf","2","32","0.3","false","150","gat","88","0.0010271739269878833","","","","0.0001","","sgd","3","","","","","","","","","","","","","","","","","15","0.928261447257252","","0.6143587231636047","0.848105788230896","0.268103734887168"
"grateful-sweep-68","","finished","-","","","2026-02-06T14:54:08.000Z","21","0q7pb3yf","2","32","0","true","50","gcn","78","0.004107663809487692","","","","0.0001","","adam","3","","","","","","","","","","","","","","","","","15","0.8740079362065561","1.4807256670559157","0.619508683681488","0.8160542845726013","0.26766932586545766"
"amber-sweep-1094","","finished","-","","","2026-02-07T04:07:55.000Z","33","0q7pb3yf","8","32","0.5","false","50","gcn","41","0.0005999506797890593","","","","0.0001","","adam","2","","","","","","","","","","","","","","","","","15","0.8917747757607891","","0.6121271848678589","0.8487610220909119","0.2675382730976793"
"rich-sweep-515","","finished","-","","","2026-02-06T20:25:31.000Z","36","0q7pb3yf","4","32","0","false","50","gcn","27","0.007078320165707393","","","","0.0001","","adam","2","","","","","","","","","","","","","","","","","15","0.8111320390335975","","0.6767351031303406","0.8488982915878296","0.2674198001912462"
"exalted-sweep-362","","finished","-","","","2026-02-06T18:38:55.000Z","86","0q7pb3yf","1","32","0.3","false","150","gcn","66","0.0017363166859627082","","","","0.0001","","sgd","2","","","","","","","","","","","","","","","","","15","0.8760026167797786","","0.6507784724235535","0.8492571115493774","0.2671102015577498"
"vivid-sweep-825","","finished","-","","","2026-02-07T00:38:27.000Z","16","0q7pb3yf","4","64","0","true","50","gcn","125","0.009189409014832938","","","","0.0001","","adam","3","","","","","","","","","","","","","","","","","15","0.8710698908375155","1.5337598604314469","0.5896138548851013","0.8168693780899048","0.26693789015174085"
"decent-sweep-776","","finished","-","","","2026-02-06T23:59:19.000Z","26","0q7pb3yf","2","128","0.3","false","50","gat","90","0.0030467453294525113","","","","0.0001","","adam","2","","","","","","","","","","","","","","","","","15","0.9521668248988212","","0.599849283695221","0.8506786227226257","0.2658835071097463"
"faithful-sweep-285","","finished","-","","","2026-02-06T17:41:01.000Z","107","0q7pb3yf","1","32","0.3","false","150","gat","126","0.004564689347777504","","","","0.0001","","sgd","2","","","","","","","","","","","","","","","","","15","0.8814337354513907","","0.6771441102027893","0.8507918119430542","0.26578574372320285"
"stellar-sweep-966","","finished","-","","","2026-02-07T02:28:42.000Z","62","0q7pb3yf","8","32","0","false","50","gat","110","0.0052550855138535765","","","","0.0001","","sgd","3","","","","","","","","","","","","","","","","","15","0.7939156204942734","","0.6022561192512512","0.8513413071632385","0.26531160060875625"
"wandering-sweep-236","","finished","-","","","2026-02-06T17:04:01.000Z","37","0q7pb3yf","1","32","0.3","false","50","gcn","84","0.0013922234946762257","","","","0.0001","","adam","2","","","","","","","","","","","","","","","","","15","0.8159468560129084","","0.6773360371589661","0.8513558506965637","0.2652990421103534"
"splendid-sweep-573","","finished","-","","","2026-02-06T21:18:43.000Z","68","0q7pb3yf","4","128","0","false","150","gat","38","0.00026793896291041103","","","","0.0001","","adam","3","","","","","","","","","","","","","","","","","15","0.8136633697976458","","0.6267078518867493","0.851569414138794","0.2651147568928015"
"lilac-sweep-637","","finished","-","","","2026-02-06T22:11:44.000Z","59","0q7pb3yf","4","64","0","false","100","gat","39","0.00033032536046528833","","","","0.0001","","adam","3","","","","","","","","","","","","","","","","","15","0.8241515681948713","","0.6276589035987854","0.851941704750061","0.2647934688595124"
"dry-sweep-918","","finished","-","","","2026-02-07T01:53:56.000Z","59","0q7pb3yf","2","128","0.3","false","150","gat","53","0.0046424949914923045","","","","0.0001","","adam","2","","","","","","","","","","","","","","","","","15","0.827482541824909","","0.6875500082969666","0.8531034588813782","0.26379090124890947"
"fiery-sweep-140","","finished","-","","","2026-02-06T15:48:24.000Z","21","0q7pb3yf","1","128","0.5","false","50","gcn","111","0.0021638703294342343","","","","0.0001","","adam","2","","","","","","","","","","","","","","","","","15","0.8487403830315204","","0.5808950066566467","0.8540140986442566","0.263005041295696"
"floral-sweep-591","","finished","-","","","2026-02-06T21:31:45.000Z","59","0q7pb3yf","8","64","0.3","false","100","gat","17","0.001433060385536359","","","","0.0001","","adam","3","","","","","","","","","","","","","","","","","15","0.8277811238201715","","0.6959396004676819","0.8544949889183044","0.26259007850794636"
"pleasant-sweep-976","","finished","-","","","2026-02-07T02:34:40.000Z","57","0q7pb3yf","2","128","0.5","false","150","gat","25","0.003852256915139373","","","","0.0001","","adam","2","","","","","","","","","","","","","","","","","15","0.9215333639307224","","0.605834424495697","0.854681134223938","0.2624293884079044"
"usual-sweep-264","","finished","-","","","2026-02-06T17:24:55.000Z","50","0q7pb3yf","4","256","0","false","50","gat","92","0.001976301521520601","","","","0.0001","","adam","1","","","","","","","","","","","","","","","","","15","0.8686720629533132","","0.6150792241096497","0.8561787009239197","0.2611370731464209"
"cerulean-sweep-328","","finished","-","","","2026-02-06T18:08:40.000Z","24","0q7pb3yf","8","64","0","false","50","gcn","52","0.0014172225206009767","","","","0.0001","","adam","2","","","","","","","","","","","","","","","","","15","0.7905392226993396","","0.5958937406539917","0.8566006422042847","0.2607728514705858"
"deft-sweep-238","","finished","-","","","2026-02-06T17:05:23.000Z","87","0q7pb3yf","8","32","0.5","false","150","gcn","28","0.00029644312475389295","","","","0.0001","","adam","1","","","","","","","","","","","","","","","","","15","0.8891675207884081","","0.5998501777648926","0.8578276038169861","0.25971405853559415"
"splendid-sweep-219","","finished","-","","","2026-02-06T16:47:50.000Z","42","0q7pb3yf","1","64","0.3","false","100","gcn","90","0.00015392821706320653","","","","0.0001","","adam","1","","","","","","","","","","","","","","","","","15","0.8975376066982105","","0.609682023525238","0.8581987023353577","0.25939374365531076"
"giddy-sweep-1105","","finished","-","","","2026-02-07T04:15:25.000Z","195","0q7pb3yf","4","128","0","false","150","gat","93","0.0020204602827942034","","","","0.0001","","sgd","3","","","","","","","","","","","","","","","","","15","0.8907628921752281","","0.6341667175292969","0.8591150045394897","0.25860306910066444"
"swept-sweep-517","","finished","-","","","2026-02-06T20:26:36.000Z","87","0q7pb3yf","4","32","0","false","100","gat","47","0.000133009350229244","","","","0.0001","","adam","3","","","","","","","","","","","","","","","","","15","0.8395137351046327","","0.6186904311180115","0.8595155477523804","0.25825745869264405"
"major-sweep-959","","finished","-","","","2026-02-07T02:21:52.000Z","148","0q7pb3yf","4","256","0.5","false","150","gat","97","0.003385533804046802","","","","0.0001","","adam","3","","","","","","","","","","","","","","","","","15","0.8652331170936426","","0.6944073438644409","0.8596232533454895","0.25816446584179964"
"fresh-sweep-552","","finished","-","","","2026-02-06T21:01:12.000Z","61","0q7pb3yf","2","64","0","false","100","gat","86","0.005392252968745567","","","","0.0001","","adam","1","","","","","","","","","","","","","","","","","15","0.7865451942848903","","0.6852536797523499","0.8609493970870972","0.2570199779243041"
"effortless-sweep-438","","finished","-","","","2026-02-06T19:27:33.000Z","39","0q7pb3yf","4","256","0.5","false","150","gcn","40","0.0007295032266908599","","","","0.0001","","adam","3","","","","","","","","","","","","","","","","","15","0.8855975816647211","","0.5956426858901978","0.8621245622634888","0.25600588497033283"
"wise-sweep-318","","finished","-","","","2026-02-06T18:02:29.000Z","18","0q7pb3yf","8","256","0.3","false","50","gcn","99","0.002244014106826262","","","","0.0001","","adam","1","","","","","","","","","","","","","","","","","15","0.9355660565197468","","0.6659693717956543","0.8636716604232788","0.254670768805492"
"colorful-sweep-242","","finished","-","","","2026-02-06T17:10:05.000Z","34","0q7pb3yf","8","128","0.5","false","100","gcn","22","0.0015022435839915735","","","","0.0001","","adam","1","","","","","","","","","","","","","","","","","15","0.9082899157037126","","0.6441404223442078","0.864076554775238","0.2543213780054391"
"avid-sweep-970","","finished","-","","","2026-02-07T02:31:30.000Z","15","0q7pb3yf","2","256","0.3","false","50","gcn","37","0.009772560596523252","","","","0.0001","","adam","3","","","","","","","","","","","","","","","","","15","0.8937710449099541","","0.6051527261734009","0.8642697334289551","0.2541545703894358"
"divine-sweep-191","","finished","-","","","2026-02-06T16:25:47.000Z","62","0q7pb3yf","1","128","0.3","false","150","gat","101","0.002098358578184045","","","","0.0001","","adam","3","","","","","","","","","","","","","","","","","15","0.8566523333813282","","0.6003108620643616","0.8647316694259644","0.25375604607128843"
"flowing-sweep-965","","finished","-","","","2026-02-07T02:28:14.000Z","23","0q7pb3yf","2","64","0.3","false","50","gcn","54","0.008980691922863136","","","","0.0001","","sgd","3","","","","","","","","","","","","","","","","","15","0.9108807797073036","","0.6804937124252319","0.8656200170516968","0.2529894183443834"
"usual-sweep-656","","finished","-","","","2026-02-06T22:27:31.000Z","108","0q7pb3yf","8","256","0","false","50","gat","125","0.004164529829186076","","","","0.0001","","adam","3","","","","","","","","","","","","","","","","","15","0.7798317633569241","","0.5889891386032104","0.8658453226089478","0.2527949489952208"
"mild-sweep-491","","finished","-","","","2026-02-06T20:08:00.000Z","17","0q7pb3yf","8","256","0","false","50","gcn","85","0.008154085220349973","","","","0.0001","","adam","1","","","","","","","","","","","","","","","","","15","0.8452733345329762","","0.5985227823257446","0.8665018081665039","0.25222845420478013"
"floral-sweep-455","","finished","-","","","2026-02-06T19:40:38.000Z","36","0q7pb3yf","2","32","0.5","false","50","gcn","29","0.0005740782744641237","","","","0.0001","","adam","3","","","","","","","","","","","","","","","","","15","0.8717143822421309","","0.6674376726150513","0.8667461276054382","0.25201754889917394"
"ancient-sweep-18","","finished","-","","","2026-02-06T14:08:29.000Z","53","0q7pb3yf","4","128","0.5","false","100","gat","35","0.0022011813765070495","","","","0.0001","","adam","2","","","","","","","","","","","","","","","","","15","0.928745668619237","","0.6705901026725769","0.8674037456512451","0.251450066991883"
"major-sweep-819","","finished","-","","","2026-02-07T00:34:55.000Z","77","0q7pb3yf","2","64","0.5","false","150","gat","105","0.005355867910662508","","","","0.0001","","sgd","1","","","","","","","","","","","","","","","","","15","0.9503960321026464","","0.6401938199996948","0.8685668110847473","0.25044641375350496"
"hearty-sweep-98","","finished","-","","","2026-02-06T15:17:53.000Z","44","0q7pb3yf","4","256","0","false","150","gcn","74","0.0001068796703400624","","","","0.0001","","adam","2","","","","","","","","","","","","","","","","","15","0.8762870132923126","","0.6209732890129089","0.8698131442070007","0.24937083565162388"
"hopeful-sweep-1101","","finished","-","","","2026-02-07T04:11:48.000Z","83","0q7pb3yf","4","32","0","false","150","gcn","10","0.00047727750021274337","","","","0.0001","","adam","1","","","","","","","","","","","","","","","","","15","0.851194582639202","","0.6082387566566467","0.869828462600708","0.24935756482427296"
"glowing-sweep-562","","finished","-","","","2026-02-06T21:10:56.000Z","21","0q7pb3yf","8","32","0","true","150","gcn","116","0.002417991650682247","","","","0.0001","","adam","2","","","","","","","","","","","","","","","","","15","0.8412733354395435","1.5348371740649729","0.6103292107582092","0.8372881412506104","0.24861395829101376"
"worldly-sweep-960","","finished","-","","","2026-02-07T02:24:22.000Z","26","0q7pb3yf","2","32","0","true","150","gcn","55","0.0032661702604900407","","","","0.0001","","adam","1","","","","","","","","","","","","","","","","","15","0.8321876448969687","1.4596592661212473","0.6071338653564453","0.8373632431030273","0.24854662098375935"
"devoted-sweep-717","","finished","-","","","2026-02-06T23:12:52.000Z","33","0q7pb3yf","8","32","0","true","150","gat","66","0.006888026266248522","","","","0.0001","","sgd","2","","","","","","","","","","","","","","","","","15","0.8948347554892622","1.463601346401607","0.6446436047554016","0.8400449752807617","0.24614005265252847"
"hearty-sweep-547","","finished","-","","","2026-02-06T20:54:05.000Z","73","0q7pb3yf","1","64","0.3","false","150","gat","121","0.0019359293904236564","","","","0.0001","","sgd","3","","","","","","","","","","","","","","","","","15","0.9495331978285184","","0.6465380787849426","0.8739782571792603","0.2457764538183196"
"pleasant-sweep-1058","","finished","-","","","2026-02-07T03:41:39.000Z","71","0q7pb3yf","1","32","0.3","false","100","gat","106","0.009069668509328593","","","","0.0001","","sgd","1","","","","","","","","","","","","","","","","","15","0.9009861992571944","","0.6015479564666748","0.8755009770393372","0.2444623023095187"
"fallen-sweep-869","","finished","-","","","2026-02-07T01:13:54.000Z","51","0q7pb3yf","8","128","0.5","false","150","gcn","107","0.00010054603417167314","","","","0.0001","","adam","1","","","","","","","","","","","","","","","","","15","0.9564406605477028","","0.6214849352836609","0.8769944310188293","0.2431735221168796"
"scarlet-sweep-956","","finished","-","","","2026-02-07T02:19:32.000Z","45","0q7pb3yf","4","32","0.5","true","150","gat","94","0.0002650068116071653","","","","0.0001","","adam","2","","","","","","","","","","","","","","","","","15","0.9864186451479952","1.3658720088355685","0.6114897131919861","0.844390332698822","0.24224051893218035"
"scarlet-sweep-27","","finished","-","","","2026-02-06T14:15:06.000Z","18","0q7pb3yf","4","128","0.5","false","50","gcn","25","0.008190492423671656","","","","0.0001","","adam","1","","","","","","","","","","","","","","","","","15","0.9097555425572904","","0.6300281286239624","0.878485918045044","0.2418864506974523"
"spring-sweep-74","","finished","-","","","2026-02-06T14:57:40.000Z","25","0q7pb3yf","4","32","0","true","150","gat","103","0.0030130441218407227","","","","0.0001","","adam","1","","","","","","","","","","","","","","","","","15","0.8702848204361495","1.5069025527028477","0.5803931355476379","0.8449909090995789","0.24170153902160071"
"eager-sweep-350","","finished","-","","","2026-02-06T18:26:56.000Z","68","0q7pb3yf","2","256","0","false","150","gat","78","0.0061702220190857126","","","","0.0001","","adam","1","","","","","","","","","","","","","","","","","15","0.7883981913328171","","0.6396995782852173","0.8794110417366028","0.2410880307188349"
"icy-sweep-395","","finished","-","","","2026-02-06T19:00:18.000Z","36","0q7pb3yf","2","32","0.3","false","50","gat","33","0.009228499645789298","","","","0.0001","","sgd","1","","","","","","","","","","","","","","","","","15","0.9428836073606244","","0.6456751823425293","0.8799407482147217","0.2406309187923401"
"effortless-sweep-987","","finished","-","","","2026-02-07T02:41:16.000Z","38","0q7pb3yf","2","128","0.5","false","100","gat","20","0.0021913420357167787","","","","0.0001","","adam","3","","","","","","","","","","","","","","","","","15","0.9606281702822828","","0.6574872136116028","0.880048930644989","0.24053762515548296"
"smooth-sweep-103","","finished","-","","","2026-02-06T15:22:41.000Z","17","0q7pb3yf","8","256","0","false","50","gcn","58","0.0005221008941845796","","","","0.0001","","adam","2","","","","","","","","","","","","","","","","","15","0.868044358988603","","0.6011154651641846","0.8806092739105225","0.24005407150711544"
"mild-sweep-1106","","finished","-","","","2026-02-07T04:18:43.000Z","114","0q7pb3yf","2","32","0.3","false","100","gat","69","0.0021576290328031125","","","","0.0001","","sgd","1","","","","","","","","","","","","","","","","","15","0.9395249916981624","","0.6575271487236023","0.8808842897415161","0.239816712535334"
"dandy-sweep-769","","finished","-","","","2026-02-06T23:54:36.000Z","20","0q7pb3yf","2","32","0","true","150","gcn","112","0.007680730712524709","","","","0.0001","","adam","2","","","","","","","","","","","","","","","","","15","0.9135447335980272","1.5205161764341242","0.5939992666244507","0.8482211232185364","0.23880274520357403"
"whole-sweep-72","","finished","-","","","2026-02-06T14:56:29.000Z","40","0q7pb3yf","2","256","0.3","false","150","gcn","49","0.008699767931459568","","","","0.0001","","sgd","3","","","","","","","","","","","","","","","","","15","0.9040355160832404","","0.6118889451026917","0.8821344971656799","0.23873773658305997"
"olive-sweep-243","","finished","-","","","2026-02-06T17:10:43.000Z","29","0q7pb3yf","1","256","0.3","false","100","gcn","75","0.00021552290530470037","","","","0.0001","","adam","2","","","","","","","","","","","","","","","","","15","0.9642912993828456","","0.6148548126220703","0.882166862487793","0.2387097804477688"
"tough-sweep-28","","finished","-","","","2026-02-06T14:15:28.000Z","13","0q7pb3yf","2","128","0","true","50","gcn","127","0.00250895535820869","","","","0.0001","","adam","3","","","","","","","","","","","","","","","","","15","0.8696463158790101","1.607097730917089","0.6441242694854736","0.8483542203903198","0.23868321578870344"
"charmed-sweep-154","","finished","-","","","2026-02-06T15:58:52.000Z","51","0q7pb3yf","1","128","0","false","150","gat","60","0.0011611915815275464","","","","0.0001","","adam","1","","","","","","","","","","","","","","","","","15","0.8635825292861208","","0.6219972372055054","0.8829039931297302","0.2380736730428392"
"gallant-sweep-677","","finished","-","","","2026-02-06T22:41:16.000Z","40","0q7pb3yf","1","256","0.3","false","150","gcn","71","0.00010593747581244756","","","","0.0001","","adam","2","","","","","","","","","","","","","","","","","15","0.9350903332233428","","0.6317393779754639","0.8831600546836853","0.23785269972376888"
"autumn-sweep-953","","finished","-","","","2026-02-07T02:17:54.000Z","26","0q7pb3yf","2","64","0.5","false","50","gcn","59","0.004059482713888685","","","","0.0001","","adam","3","","","","","","","","","","","","","","","","","15","0.8562337089610356","","0.7101219296455383","0.8831716775894165","0.23784269781081635"
"rare-sweep-276","","finished","-","","","2026-02-06T17:34:54.000Z","57","0q7pb3yf","4","128","0.5","false","100","gat","43","0.0009886751843596411","","","","0.0001","","adam","3","","","","","","","","","","","","","","","","","15","0.910111297952368","","0.6892826557159424","0.8837437033653259","0.2373490696204229"
"vocal-sweep-1056","","finished","-","","","2026-02-07T03:40:18.000Z","53","0q7pb3yf","2","64","0.3","false","100","gat","70","0.002245240012295933","","","","0.0001","","sgd","3","","","","","","","","","","","","","","","","","15","0.9444079825314142","","0.628778338432312","0.8838917016983032","0.23722130697293584"
"generous-sweep-826","","finished","-","","","2026-02-07T00:38:49.000Z","71","0q7pb3yf","2","128","0","false","150","gat","112","0.0003985033251424275","","","","0.0001","","adam","1","","","","","","","","","","","","","","","","","15","0.8150447137812351","","0.673154890537262","0.8839095830917358","0.23720592994997847"
"fanciful-sweep-575","","finished","-","","","2026-02-06T21:20:16.000Z","44","0q7pb3yf","1","256","0.3","false","150","gat","50","0.0005585660990491933","","","","0.0001","","adam","3","","","","","","","","","","","","","","","","","15","0.9378359417120616","","0.6085662245750427","0.8843788504600525","0.2368009981265503"
"dandy-sweep-94","","finished","-","","","2026-02-06T15:12:25.000Z","32","0q7pb3yf","2","128","0.5","false","100","gcn","75","0.005420576278077845","","","","0.0001","","sgd","3","","","","","","","","","","","","","","","","","15","0.9275948316492932","","0.6207874417304993","0.8851941227912903","0.2360974066465912"
"mild-sweep-496","","finished","-","","","2026-02-06T20:11:05.000Z","19","0q7pb3yf","4","64","0.5","true","50","gcn","114","0.007198368571882298","","","","0.0001","","adam","2","","","","","","","","","","","","","","","","","15","0.8823904212444059","1.4336407044354609","0.6004165410995483","0.8514732718467712","0.23588417751265145"
"daily-sweep-962","","finished","-","","","2026-02-07T02:25:54.000Z","35","0q7pb3yf","2","32","0.3","false","50","gcn","9","0.0007312825656097481","","","","0.0001","","adam","3","","","","","","","","","","","","","","","","","15","0.9432105488514388","","0.6509464383125305","0.8856326341629028","0.2357189174676716"
"ancient-sweep-811","","finished","-","","","2026-02-07T00:29:25.000Z","43","0q7pb3yf","2","256","0","false","100","gat","60","0.0014695293916078612","","","","0.0001","","adam","2","","","","","","","","","","","","","","","","","15","0.8709451655546824","","0.636647641658783","0.8867377042770386","0.234765310237642"
"rose-sweep-843","","finished","-","","","2026-02-07T00:55:15.000Z","27","0q7pb3yf","8","256","0","false","100","gcn","42","0.009116205327915718","","","","0.0001","","sgd","2","","","","","","","","","","","","","","","","","15","0.9056138768792152","","0.6509774327278137","0.8873691558837891","0.23422035226821336"
"icy-sweep-71","","finished","-","","","2026-02-06T14:56:07.000Z","16","0q7pb3yf","4","256","0.5","false","50","gcn","95","0.0005735867036405502","","","","0.0001","","adam","1","","","","","","","","","","","","","","","","","15","1.0210172981023788","","0.6485434174537659","0.889171302318573","0.2326652141496881"
"neat-sweep-916","","finished","-","","","2026-02-07T01:52:40.000Z","38","0q7pb3yf","1","128","0.3","false","100","gat","50","0.008480545503706059","","","","0.0001","","adam","2","","","","","","","","","","","","","","","","","15","0.9572734617172404","","0.631547749042511","0.889955461025238","0.23198844750918612"
"skilled-sweep-283","","finished","-","","","2026-02-06T17:40:16.000Z","19","0q7pb3yf","4","64","0","true","100","gat","103","0.003577730144430237","","","","0.0001","","adam","2","","","","","","","","","","","","","","","","","15","0.8679398846241736","1.5548404051977045","0.5909640789031982","0.8568513989448547","0.2310578456980729"
"hearty-sweep-654","","finished","-","","","2026-02-06T22:25:32.000Z","54","0q7pb3yf","4","32","0.3","false","100","gcn","28","0.0020517936656735828","","","","0.0001","","sgd","1","","","","","","","","","","","","","","","","","15","0.9376988476642998","","0.6369574069976807","0.8920495510101318","0.230181323387338"
"twilight-sweep-860","","finished","-","","","2026-02-07T01:07:07.000Z","23","0q7pb3yf","1","128","0.5","false","50","gcn","68","0.0002281993435683592","","","","0.0001","","adam","2","","","","","","","","","","","","","","","","","15","1.0152058423833643","","0.6500876545906067","0.8924412727355957","0.229843251732593"
"breezy-sweep-999","","finished","-","","","2026-02-07T02:49:25.000Z","53","0q7pb3yf","1","64","0.5","false","100","gat","64","0.0006378550757618922","","","","0.0001","","adam","2","","","","","","","","","","","","","","","","","15","0.9817048718211472","","0.634698748588562","0.892726719379425","0.22959690225451343"
"avid-sweep-832","","finished","-","","","2026-02-07T00:44:18.000Z","41","0q7pb3yf","4","256","0","false","100","gat","20","0.00989942363555208","","","","0.0001","","sgd","3","","","","","","","","","","","","","","","","","15","0.8916331256429354","","0.6391905546188354","0.8928778171539307","0.2294664249090801"
"devout-sweep-705","","finished","-","","","2026-02-06T23:04:21.000Z","31","0q7pb3yf","4","256","0.5","false","100","gcn","95","0.008665191627658123","","","","0.0001","","sgd","3","","","","","","","","","","","","","","","","","15","0.946768450240294","","0.6544817090034485","0.8933289051055908","0.2290772820210485"
"cerulean-sweep-763","","finished","-","","","2026-02-06T23:50:31.000Z","78","0q7pb3yf","1","32","0","false","150","gcn","38","0.0010461014481015945","","","","0.0001","","sgd","1","","","","","","","","","","","","","","","","","15","0.9103338928312384","","0.6294516921043396","0.8943160176277161","0.2282253969639335"
"generous-sweep-339","","finished","-","","","2026-02-06T18:17:57.000Z","45","0q7pb3yf","1","128","0.5","false","150","gcn","65","0.004123509759906527","","","","0.0001","","sgd","2","","","","","","","","","","","","","","","","","15","0.9425889418480244","","0.6330338716506958","0.894983172416687","0.22764962676993383"
"desert-sweep-546","","finished","-","","","2026-02-06T20:50:13.000Z","231","0q7pb3yf","8","64","0.5","false","150","gat","79","0.00267762702679472","","","","0.0001","","adam","2","","","","","","","","","","","","","","","","","15","0.8028970713256508","","0.5960817337036133","0.8959305286407471","0.22683207486681412"
"devoted-sweep-380","","finished","-","","","2026-02-06T18:49:47.000Z","15","0q7pb3yf","4","64","0.3","true","150","gcn","106","0.0010212409059348088","","","","0.0001","","adam","3","","","","","","","","","","","","","","","","","15","0.9234248624053052","1.453233778476715","0.6159692406654358","0.8615668416023254","0.2268261898846864"
"copper-sweep-1100","","finished","-","","","2026-02-07T04:11:21.000Z","24","0q7pb3yf","8","64","0.5","false","50","gcn","86","0.00027977277307865065","","","","0.0001","","adam","1","","","","","","","","","","","","","","","","","15","0.972774221051124","","0.6206378936767578","0.89620041847229","0.2265991515411817"
"rare-sweep-642","","finished","-","","","2026-02-06T22:14:33.000Z","16","0q7pb3yf","4","64","0.3","true","50","gcn","74","0.00676154635361799","","","","0.0001","","adam","2","","","","","","","","","","","","","","","","","15","0.89051902550523","1.476644680780523","0.5707019567489624","0.8621310591697693","0.22631989647308015"
"pious-sweep-187","","finished","-","","","2026-02-06T16:23:09.000Z","28","0q7pb3yf","4","256","0","false","100","gcn","49","0.00011734583163903754","","","","0.0001","","adam","3","","","","","","","","","","","","","","","","","15","0.9098194589217504","","0.6305217742919922","0.8967816829681396","0.22609758059909235"
"worldly-sweep-838","","finished","-","","","2026-02-07T00:50:56.000Z","48","0q7pb3yf","8","128","0.5","false","150","gcn","34","0.0002154434931432526","","","","0.0001","","adam","1","","","","","","","","","","","","","","","","","15","1.0299470874857397","","0.6309900879859924","0.8981245160102844","0.2249386967239031"
"robust-sweep-623","","finished","-","","","2026-02-06T21:59:15.000Z","25","0q7pb3yf","4","64","0.3","false","50","gat","16","0.00536732914297688","","","","0.0001","","sgd","3","","","","","","","","","","","","","","","","","15","0.9462886725061684","","0.6786468625068665","0.8987056016921997","0.22443722644130415"
"crimson-sweep-427","","finished","-","","","2026-02-06T19:21:21.000Z","17","0q7pb3yf","8","64","0.3","true","150","gat","24","0.00438740830307318","","","","0.0001","","adam","3","","","","","","","","","","","","","","","","","15","0.9530979426958228","1.4621602121521444","0.676561713218689","0.8644830584526062","0.22420919974715392"
"fallen-sweep-17","","finished","-","","","2026-02-06T14:07:51.000Z","32","0q7pb3yf","1","32","0.3","false","50","gcn","119","0.0021457711547248144","","","","0.0001","","sgd","2","","","","","","","","","","","","","","","","","15","0.9303067201568236","","0.6106278300285339","0.8991830945014954","0.2240252603783851"
"upbeat-sweep-303","","finished","-","","","2026-02-06T17:54:54.000Z","45","0q7pb3yf","2","128","0.5","false","150","gcn","96","0.00010338198177909469","","","","0.0001","","adam","1","","","","","","","","","","","","","","","","","15","1.0035982880186527","","0.6306445598602295","0.8996384143829346","0.22363228355848108"
"quiet-sweep-87","","finished","-","","","2026-02-06T15:07:57.000Z","58","0q7pb3yf","1","64","0.3","false","150","gcn","79","0.001596917285323386","","","","0.0001","","sgd","3","","","","","","","","","","","","","","","","","15","0.9188511589522004","","0.686303436756134","0.9000173211097717","0.22330528374283143"
"colorful-sweep-593","","finished","-","","","2026-02-06T21:33:07.000Z","94","0q7pb3yf","4","64","0.3","false","150","gcn","115","0.0010093809611849552","","","","0.0001","","sgd","3","","","","","","","","","","","","","","","","","15","0.9560765749023806","","0.6404533386230469","0.9002561569213867","0.22309916379588013"
"fearless-sweep-998","","finished","-","","","2026-02-07T02:49:03.000Z","17","0q7pb3yf","2","32","0","true","100","gcn","25","0.0014331217514582184","","","","0.0001","","adam","2","","","","","","","","","","","","","","","","","15","0.8743710210246425","1.445413943599252","0.5904600024223328","0.8658043742179871","0.2230234168366693"
"flowing-sweep-3","","finished","-","","","2026-02-06T13:55:56.000Z","72","0q7pb3yf","4","256","0.5","false","150","gat","33","0.00723936199435589","","","","0.0001","","adam","1","","","","","","","","","","","","","","","","","15","0.9426576544841132","","0.7029248476028442","0.901445209980011","0.22207305235641503"
"swift-sweep-516","","finished","-","","","2026-02-06T20:26:09.000Z","24","0q7pb3yf","4","64","0.5","false","50","gcn","71","0.0001166908587110157","","","","0.0001","","adam","3","","","","","","","","","","","","","","","","","15","0.9899175593288996","","0.6591431498527527","0.9021605253219604","0.22145569492466777"
"distinctive-sweep-451","","finished","-","","","2026-02-06T19:36:23.000Z","34","0q7pb3yf","8","128","0.5","true","100","gat","39","0.003279275628030694","","","","0.0001","","adam","2","","","","","","","","","","","","","","","","","15","0.9549546083237264","1.4949473773731905","0.6952769160270691","0.8679631948471069","0.221086041987296"
"rosy-sweep-145","","finished","-","","","2026-02-06T15:52:35.000Z","57","0q7pb3yf","8","128","0.5","false","100","gat","18","0.003924611645678731","","","","0.0001","","adam","1","","","","","","","","","","","","","","","","","15","0.9465269256145395","","0.7019283771514893","0.9028329849243164","0.22087547691865417"
"stoic-sweep-669","","finished","-","","","2026-02-06T22:35:33.000Z","21","0q7pb3yf","8","64","0.3","false","50","gcn","11","0.009401816075301436","","","","0.0001","","adam","1","","","","","","","","","","","","","","","","","15","0.9501798184969092","","0.6295492649078369","0.9045395851135254","0.21940268769279217"
"still-sweep-24","","finished","-","","","2026-02-06T14:12:44.000Z","67","0q7pb3yf","8","64","0","false","100","gat","29","0.00139617529369414","","","","0.0001","","sgd","2","","","","","","","","","","","","","","","","","15","0.942304621140162","","0.6687853932380676","0.9052321314811708","0.2188050035990361"
"young-sweep-937","","finished","-","","","2026-02-07T02:07:34.000Z","18","0q7pb3yf","4","32","0","true","100","gcn","12","0.002040066850566254","","","","0.0001","","adam","2","","","","","","","","","","","","","","","","","15","0.9032356199878518","1.4278574813814724","0.5966874957084656","0.8706508278846741","0.2186741904347048"
"light-sweep-958","","finished","-","","","2026-02-07T02:21:14.000Z","34","0q7pb3yf","1","128","0.3","false","100","gcn","20","0.0004376008690679044","","","","0.0001","","adam","1","","","","","","","","","","","","","","","","","15","1.0518653113791283","","0.6313639879226685","0.9055291414260864","0.21854864559745224"
"giddy-sweep-1072","","finished","-","","","2026-02-07T03:52:23.000Z","12","0q7pb3yf","8","128","0","true","150","gcn","22","0.006081699723148804","","","","0.0001","","adam","3","","","","","","","","","","","","","","","","","15","0.880632518453801","1.460728827644797","0.6174999475479126","0.8711305260658264","0.21824371646121676"
"fiery-sweep-78","","finished","-","","","2026-02-06T15:00:08.000Z","15","0q7pb3yf","8","256","0","true","100","gcn","110","0.0029773447976050734","","","","0.0001","","adam","1","","","","","","","","","","","","","","","","","15","0.8809938927491506","1.432680673069424","0.6477289199829102","0.8711909651756287","0.2181894121285476"
"crimson-sweep-664","","finished","-","","","2026-02-06T22:33:12.000Z","24","0q7pb3yf","1","256","0","false","50","gat","85","0.0072022356951152245","","","","0.0001","","adam","3","","","","","","","","","","","","","","","","","15","0.9602826436360676","","0.6645639538764954","0.9060667753219604","0.21808474629826613"
"valiant-sweep-90","","finished","-","","","2026-02-06T15:09:36.000Z","28","0q7pb3yf","2","256","0.5","false","100","gcn","110","0.009785407637598342","","","","0.0001","","sgd","1","","","","","","","","","","","","","","","","","15","0.978838617602984","","0.6659531593322754","0.906371295452118","0.2178219343369953"
"astral-sweep-950","","finished","-","","","2026-02-07T02:15:48.000Z","27","0q7pb3yf","4","32","0.5","true","50","gcn","97","0.0018754724227205007","","","","0.0001","","adam","1","","","","","","","","","","","","","","","","","15","0.9484127272841752","1.4805777134264215","0.6468857526779175","0.8725783228874207","0.21694437975161215"
"celestial-sweep-257","","finished","-","","","2026-02-06T17:21:11.000Z","19","0q7pb3yf","4","64","0","true","50","gat","46","0.00991782679279576","","","","0.0001","","sgd","1","","","","","","","","","","","","","","","","","15","0.9401997539304918","1.3856149473611046","0.6075169444084167","0.8727332353591919","0.2168054102730299"
"stellar-sweep-527","","finished","-","","","2026-02-06T20:34:30.000Z","56","0q7pb3yf","2","64","0","false","150","gcn","19","0.00022355595039616705","","","","0.0001","","adam","1","","","","","","","","","","","","","","","","","15","0.9096912674365504","","0.6255331635475159","0.9078784584999084","0.21652133356755657"
"fallen-sweep-384","","finished","-","","","2026-02-06T18:51:43.000Z","16","0q7pb3yf","4","256","0","false","50","gcn","23","0.0021767298716762126","","","","0.0001","","adam","2","","","","","","","","","","","","","","","","","15","0.8820098886887232","","0.6909552216529846","0.9086496829986572","0.21585573189299112"
"serene-sweep-65","","finished","-","","","2026-02-06T14:51:57.000Z","36","0q7pb3yf","4","256","0.5","false","100","gcn","93","0.0002658781509005749","","","","0.0001","","adam","3","","","","","","","","","","","","","","","","","15","0.9299011702338854","","0.6022616624832153","0.9087626338005066","0.21575832053022703"
"confused-sweep-30","","finished","-","","","2026-02-06T14:16:01.000Z","32","0q7pb3yf","4","32","0.5","false","50","gcn","35","0.004134121927817088","","","","0.0001","","sgd","1","","","","","","","","","","","","","","","","","15","0.962786437683208","","0.6439440846443176","0.909784734249115","0.2148762171671704"
"silvery-sweep-400","","finished","-","","","2026-02-06T19:03:13.000Z","23","0q7pb3yf","2","128","0.5","false","50","gcn","110","0.006822541330091493","","","","0.0001","","sgd","3","","","","","","","","","","","","","","","","","15","0.9642201306972098","","0.6703706383705139","0.9102188348770142","0.21450165858135584"
"jolly-sweep-359","","finished","-","","","2026-02-06T18:35:50.000Z","12","0q7pb3yf","8","256","0.3","true","50","gcn","103","0.004293353787335844","","","","0.0001","","adam","3","","","","","","","","","","","","","","","","","15","0.9870410760243734","1.4692430231306288","0.5937763452529907","0.8757400512695312","0.2141071264186133"
"magic-sweep-893","","finished","-","","","2026-02-07T01:33:50.000Z","60","0q7pb3yf","1","128","0","false","150","gat","128","0.004025199847172057","","","","0.0001","","adam","1","","","","","","","","","","","","","","","","","15","0.8349951613456645","","0.6194496154785156","0.9109976887702942","0.21382950962573863"
"sage-sweep-35","","finished","-","","","2026-02-06T14:23:39.000Z","49","0q7pb3yf","1","128","0.3","false","150","gcn","94","0.0026784679875609535","","","","0.0001","","sgd","1","","","","","","","","","","","","","","","","","15","0.9540843456349476","","0.6448493003845215","0.9111165404319764","0.21372686329606616"
"silver-sweep-929","","finished","-","","","2026-02-07T02:02:53.000Z","21","0q7pb3yf","8","32","0.5","true","50","gcn","89","0.0026894681827740953","","","","0.0001","","adam","1","","","","","","","","","","","","","","","","","15","0.9498286894572678","1.482694511027897","0.5802696943283081","0.876207709312439","0.21368740926864693"
"rich-sweep-579","","finished","-","","","2026-02-06T21:23:41.000Z","18","0q7pb3yf","4","128","0","false","50","gcn","56","0.00013862080454730936","","","","0.0001","","adam","3","","","","","","","","","","","","","","","","","15","0.9305289654021568","","0.6370274424552917","0.9112846851348876","0.21358177172903525"
"wild-sweep-41","","finished","-","","","2026-02-06T14:29:52.000Z","26","0q7pb3yf","2","256","0.3","false","50","gat","65","0.004738857113327639","","","","0.0001","","adam","1","","","","","","","","","","","","","","","","","15","0.9890900726119676","","0.6618971228599548","0.9113714694976808","0.2135068869341228"
"fluent-sweep-864","","finished","-","","","2026-02-07T01:09:55.000Z","96","0q7pb3yf","8","32","0.5","false","150","gcn","87","0.0010695254254698915","","","","0.0001","","sgd","1","","","","","","","","","","","","","","","","","15","0.9540010913405368","","0.6248207688331604","0.9121118783950806","0.2128679711225684"
"worthy-sweep-741","","finished","-","","","2026-02-06T23:36:12.000Z","112","0q7pb3yf","2","32","0","false","150","gat","37","0.00011466397429593932","","","","0.0001","","adam","2","","","","","","","","","","","","","","","","","15","0.8992979241314755","","0.680150032043457","0.9122664332389832","0.2127345929572624"
"comic-sweep-483","","finished","-","","","2026-02-06T20:02:17.000Z","70","0q7pb3yf","8","128","0.5","false","50","gat","73","0.0015382387046275852","","","","0.0001","","adam","3","","","","","","","","","","","","","","","","","15","0.9378272390111964","","0.7272574305534363","0.9127033948898317","0.21235748356950568"
"lilac-sweep-821","","finished","-","","","2026-02-07T00:36:54.000Z","16","0q7pb3yf","8","128","0.3","true","50","gcn","86","0.00227302025708942","","","","0.0001","","adam","3","","","","","","","","","","","","","","","","","15","0.8913996409862599","1.4384002615423763","0.591783881187439","0.8778201341629028","0.21224037581553343"
"brisk-sweep-634","","finished","-","","","2026-02-06T22:09:56.000Z","23","0q7pb3yf","2","64","0.3","false","50","gcn","9","0.0007568675851431584","","","","0.0001","","adam","3","","","","","","","","","","","","","","","","","15","0.9624423384666444","","0.6362546682357788","0.9136530160903932","0.21153798618836417"
"cerulean-sweep-750","","finished","-","","","2026-02-06T23:43:20.000Z","25","0q7pb3yf","8","64","0.3","false","50","gcn","66","0.005645559402868245","","","","0.0001","","sgd","1","","","","","","","","","","","","","","","","","15","0.9590997833718536","","0.6276540756225586","0.9138808250427246","0.21134141206544063"
"fresh-sweep-820","","finished","-","","","2026-02-07T00:36:16.000Z","35","0q7pb3yf","8","32","0.3","true","50","gat","94","0.0021923648340674983","","","","0.0001","","adam","2","","","","","","","","","","","","","","","","","15","0.9513388294926894","1.470570725553176","0.6921176910400391","0.8789824843406677","0.21119731472693912"
"bumbling-sweep-815","","finished","-","","","2026-02-07T00:32:01.000Z","30","0q7pb3yf","8","256","0.5","false","100","gcn","80","0.00012094710901320632","","","","0.0001","","adam","3","","","","","","","","","","","","","","","","","15","1.0342252552509308","","0.6335217356681824","0.9144307971000672","0.21086668552000032"
"peach-sweep-157","","finished","-","","","2026-02-06T16:00:35.000Z","23","0q7pb3yf","2","64","0.5","false","50","gcn","8","0.006501322023400359","","","","0.0001","","adam","3","","","","","","","","","","","","","","","","","15","0.9855636483238588","","0.6880115866661072","0.9148766994476318","0.2104819554510781"
"spring-sweep-1036","","finished","-","","","2026-02-07T03:20:39.000Z","19","0q7pb3yf","2","32","0.5","true","50","gcn","78","0.0011576832407289193","","","","0.0001","","adam","3","","","","","","","","","","","","","","","","","15","0.966623346651754","1.3851656716536074","0.6219539046287537","0.8799952864646912","0.21028839412108255"
"copper-sweep-66","","finished","-","","","2026-02-06T14:52:35.000Z","41","0q7pb3yf","8","128","0","true","150","gat","63","0.0004515260609937772","","","","0.0001","","adam","2","","","","","","","","","","","","","","","","","15","0.9365828563558296","1.4139954062069164","0.625745415687561","0.8807713985443115","0.20959189753418497"
"icy-sweep-650","","finished","-","","","2026-02-06T22:20:25.000Z","104","0q7pb3yf","8","128","0.5","false","100","gat","55","0.004332457438686999","","","","0.0001","","sgd","2","","","","","","","","","","","","","","","","","15","0.9697580267774298","","0.6240848302841187","0.916258990764618","0.20928910163228256"
"devout-sweep-56","","finished","-","","","2026-02-06T14:42:46.000Z","106","0q7pb3yf","1","32","0.3","false","150","gat","28","0.002664491447265807","","","","0.0001","","adam","2","","","","","","","","","","","","","","","","","15","0.9411848674538316","","0.6181736588478088","0.9164692163467408","0.20910764604391496"
"zesty-sweep-713","","finished","-","","","2026-02-06T23:10:47.000Z","13","0q7pb3yf","1","128","0","true","150","gcn","98","0.00815549070459531","","","","0.0001","","adam","3","","","","","","","","","","","","","","","","","15","0.8541687853792881","1.50261207187877","0.6038939952850342","0.8813669085502625","0.2090575144986161"
"ethereal-sweep-501","","finished","-","","","2026-02-06T20:15:59.000Z","17","0q7pb3yf","8","256","0","false","50","gcn","60","0.000204495844028974","","","","0.0001","","adam","3","","","","","","","","","","","","","","","","","15","0.9274797787268956","","0.642095148563385","0.9175110459327698","0.2082085581486245"
"scarlet-sweep-1025","","finished","-","","","2026-02-07T03:09:21.000Z","94","0q7pb3yf","8","32","0.3","false","150","gcn","93","0.0003953361897887918","","","","0.0001","","sgd","3","","","","","","","","","","","","","","","","","15","0.96873937018456","","0.6572428345680237","0.9178884029388428","0.2078829676742826"
"dulcet-sweep-392","","finished","-","","","2026-02-06T18:57:30.000Z","38","0q7pb3yf","4","64","0","false","50","gat","54","0.00032833459772107164","","","","0.0001","","adam","3","","","","","","","","","","","","","","","","","15","0.8843674377728534","","0.6200564503669739","0.9190054535865784","0.2069189561181957"
"zesty-sweep-334","","finished","-","","","2026-02-06T18:14:38.000Z","47","0q7pb3yf","2","128","0.5","false","150","gcn","128","0.001710537817233835","","","","0.0001","","sgd","1","","","","","","","","","","","","","","","","","15","0.9898533148968474","","0.6605615615844727","0.9200733304023744","0.20599734107032144"
"silver-sweep-80","","finished","-","","","2026-02-06T15:00:41.000Z","16","0q7pb3yf","1","32","0","true","50","gcn","112","0.0015842297387493244","","","","0.0001","","adam","1","","","","","","","","","","","","","","","","","15","0.887223723755088","1.5413112394949968","0.6669996976852417","0.8849685192108154","0.20582538278250817"
"sunny-sweep-305","","finished","-","","","2026-02-06T17:56:05.000Z","25","0q7pb3yf","1","32","0","true","50","gcn","16","0.004949849900061389","","","","0.0001","","adam","3","","","","","","","","","","","","","","","","","15","0.9090179779356524","1.5064631253480911","0.6544662117958069","0.8864993453025818","0.2044516854970284"
"polar-sweep-235","","finished","-","","","2026-02-06T17:02:56.000Z","62","0q7pb3yf","4","64","0.3","false","100","gat","70","0.00047426463634012","","","","0.0001","","adam","2","","","","","","","","","","","","","","","","","15","0.8174280578731209","","0.7526670694351196","0.9219048023223876","0.20441681128721031"
"trim-sweep-777","","finished","-","","","2026-02-06T23:59:46.000Z","67","0q7pb3yf","1","32","0","false","100","gat","16","0.005000557245712824","","","","0.0001","","adam","1","","","","","","","","","","","","","","","","","15","0.9162764882528652","","0.650689959526062","0.9221311807632446","0.20422151166385827"
"trim-sweep-445","","finished","-","","","2026-02-06T19:31:51.000Z","12","0q7pb3yf","2","256","0.5","true","50","gcn","85","0.0050319974171712046","","","","0.0001","","adam","3","","","","","","","","","","","","","","","","","15","0.9819058080514272","1.415584021144443","0.5885462164878845","0.8871577978134155","0.20386080711236695"
"sage-sweep-15","","finished","-","","","2026-02-06T14:06:40.000Z","26","0q7pb3yf","4","256","0","false","100","gcn","44","0.0001333500818929186","","","","0.0001","","adam","2","","","","","","","","","","","","","","","","","15","0.9516572753588358","","0.636561393737793","0.9226874113082886","0.2037415060537323"
"noble-sweep-172","","finished","-","","","2026-02-06T16:12:22.000Z","17","0q7pb3yf","4","64","0.5","true","150","gcn","68","0.0006055103944001091","","","","0.0001","","adam","2","","","","","","","","","","","","","","","","","15","1.0105046014631949","1.4016458111650802","0.6075842380523682","0.8877030611038208","0.2033714059992704"
"young-sweep-752","","finished","-","","","2026-02-06T23:44:20.000Z","33","0q7pb3yf","2","32","0","false","50","gcn","62","0.007031530683058684","","","","0.0001","","adam","1","","","","","","","","","","","","","","","","","15","0.7429156700369491","","0.6089109182357788","0.9232273697853088","0.2032755722044155"
"sunny-sweep-692","","finished","-","","","2026-02-06T22:54:35.000Z","22","0q7pb3yf","4","256","0.5","true","100","gcn","21","0.005410737807512095","","","","0.0001","","adam","3","","","","","","","","","","","","","","","","","15","0.9492464164892832","1.3591706487867568","0.6319176554679871","0.8878607749938965","0.20322986543053032"
"eager-sweep-482","","finished","-","","","2026-02-06T20:02:00.000Z","12","0q7pb3yf","1","256","0.5","true","50","gcn","108","0.003647333944208465","","","","0.0001","","adam","3","","","","","","","","","","","","","","","","","15","0.9722556471824646","1.4093300501505537","0.614931046962738","0.8881649971008301","0.20295689021569183"
"peach-sweep-616","","finished","-","","","2026-02-06T21:53:44.000Z","48","0q7pb3yf","1","128","0.3","false","150","gcn","105","0.008607001403863994","","","","0.0001","","sgd","3","","","","","","","","","","","","","","","","","15","0.8154617262647507","","0.6117315292358398","0.9240322113037108","0.20258099587484113"
"lemon-sweep-543","","finished","-","","","2026-02-06T20:48:46.000Z","20","0q7pb3yf","2","256","0.5","false","50","gcn","33","0.006716405928882226","","","","0.0001","","adam","3","","","","","","","","","","","","","","","","","15","0.9488742798566818","","0.716055691242218","0.9246878027915956","0.20201521389612695"
"smart-sweep-873","","finished","-","","","2026-02-07T01:15:54.000Z","50","0q7pb3yf","8","64","0.3","true","150","gat","64","0.006117698357752678","","","","0.0001","","sgd","2","","","","","","","","","","","","","","","","","15","0.9810371706562656","1.3678387333365047","0.6465687155723572","0.8893025517463684","0.20193601892457247"
"misty-sweep-105","","finished","-","","","2026-02-06T15:23:26.000Z","23","0q7pb3yf","2","256","0.3","false","50","gat","45","0.0022832228511231864","","","","0.0001","","adam","1","","","","","","","","","","","","","","","","","15","1.0097275897860527","","0.6371890306472778","0.9250078797340392","0.20173901995658827"
"unique-sweep-566","","finished","-","","","2026-02-06T21:13:33.000Z","23","0q7pb3yf","8","128","0.3","false","50","gcn","33","0.0003842450619888455","","","","0.0001","","adam","1","","","","","","","","","","","","","","","","","15","1.022035428818236","","0.646864116191864","0.925389289855957","0.20140991321154367"
"generous-sweep-983","","finished","-","","","2026-02-07T02:39:16.000Z","12","0q7pb3yf","1","128","0.3","true","50","gcn","74","0.0017140474281785569","","","","0.0001","","adam","3","","","","","","","","","","","","","","","","","15","0.9777860349797188","1.4330659964505363","0.638321578502655","0.889934241771698","0.2013691412210471"
"frosty-sweep-104","","finished","-","","","2026-02-06T15:23:04.000Z","19","0q7pb3yf","8","128","0.5","true","150","gcn","46","0.0019844208725690138","","","","0.0001","","adam","1","","","","","","","","","","","","","","","","","15","0.9966749181138708","1.3859822224168217","0.6123164892196655","0.8902317881584167","0.20110213392692464"
"elated-sweep-754","","finished","-","","","2026-02-06T23:45:20.000Z","73","0q7pb3yf","8","32","0","false","100","gat","24","0.0009092049929898628","","","","0.0001","","sgd","1","","","","","","","","","","","","","","","","","15","0.9123540258696002","","0.6239957213401794","0.925984799861908","0.20089590101333732"
"lemon-sweep-726","","finished","-","","","2026-02-06T23:20:47.000Z","12","0q7pb3yf","1","128","0.3","true","50","gcn","126","0.0016633056036332165","","","","0.0001","","adam","2","","","","","","","","","","","","","","","","","15","0.9216057360172272","1.4873168959337122","0.592521071434021","0.8911756873130798","0.20025508055647656"
"brisk-sweep-245","","finished","-","","","2026-02-06T17:11:44.000Z","16","0q7pb3yf","2","256","0.5","false","50","gcn","59","0.0004917357739374565","","","","0.0001","","adam","2","","","","","","","","","","","","","","","","","15","1.1080343971649806","","0.628838300704956","0.926818549633026","0.2001763178074597"
"glowing-sweep-1010","","finished","-","","","2026-02-07T02:58:16.000Z","42","0q7pb3yf","8","64","0","false","100","gcn","55","0.0012167517996083295","","","","0.0001","","sgd","3","","","","","","","","","","","","","","","","","15","0.9474780389698604","","0.6390753984451294","0.9268664121627808","0.2001350799574647"
"dulcet-sweep-39","","finished","-","","","2026-02-06T14:27:53.000Z","55","0q7pb3yf","8","128","0.5","false","100","gat","12","0.005234906510945092","","","","0.0001","","adam","3","","","","","","","","","","","","","","","","","15","0.897140827584774","","0.6134249567985535","0.9274293184280396","0.19964941235468736"
"wild-sweep-614","","finished","-","","","2026-02-06T21:50:39.000Z","45","0q7pb3yf","1","256","0.3","false","100","gat","52","0.0027682519494048323","","","","0.0001","","adam","3","","","","","","","","","","","","","","","","","15","0.9618324190378188","","0.6241719722747803","0.9277780055999756","0.19934845267233647"
"playful-sweep-599","","finished","-","","","2026-02-06T21:36:39.000Z","16","0q7pb3yf","2","32","0","true","100","gcn","127","0.004927510104058431","","","","0.0001","","sgd","3","","","","","","","","","","","","","","","","","15","0.9424771836367988","1.354902677676257","0.6076902151107788","0.8933374881744385","0.19831503381062565"
"northern-sweep-414","","finished","-","","","2026-02-06T19:13:44.000Z","52","0q7pb3yf","4","32","0.5","true","50","gat","108","0.0001217534256960021","","","","0.0001","","adam","3","","","","","","","","","","","","","","","","","15","1.040036638738007","1.3473888074650484","0.6344444155693054","0.8933398723602295","0.1983129409751334"
"sparkling-sweep-310","","finished","-","","","2026-02-06T17:58:12.000Z","11","0q7pb3yf","4","256","0","true","150","gcn","80","0.002952686486181913","","","","0.0001","","adam","3","","","","","","","","","","","","","","","","","15","0.9155559912323952","1.436428149541219","0.6120205521583557","0.8934890031814575","0.19817905543399517"
"easy-sweep-273","","finished","-","","","2026-02-06T17:31:49.000Z","23","0q7pb3yf","1","64","0.3","false","50","gcn","44","0.00039356755502777536","","","","0.0001","","adam","2","","","","","","","","","","","","","","","","","15","0.9176210620070016","","0.6052817702293396","0.9297469258308412","0.1976493826497402"
"leafy-sweep-101","","finished","-","","","2026-02-06T15:21:30.000Z","16","0q7pb3yf","1","128","0","true","50","gcn","90","0.0006660225326017196","","","","0.0001","","adam","2","","","","","","","","","","","","","","","","","15","0.897969754452401","1.4137172137989718","0.5981404185295105","0.8949071764945984","0.1969064347508311"
"scarlet-sweep-768","","finished","-","","","2026-02-06T23:53:31.000Z","61","0q7pb3yf","4","128","0.3","false","100","gat","47","0.0002770919203283953","","","","0.0001","","adam","2","","","","","","","","","","","","","","","","","15","0.9392911335255236","","0.7316811084747314","0.9314973950386048","0.19613869289760943"
"elated-sweep-624","","finished","-","","","2026-02-06T21:59:42.000Z","19","0q7pb3yf","2","128","0.3","true","150","gat","120","0.007999817824674646","","","","0.0001","","adam","2","","","","","","","","","","","","","","","","","15","1.014432172825996","1.419028822113486","0.6240954995155334","0.8957855701446533","0.19611811902477697"
"vibrant-sweep-629","","finished","-","","","2026-02-06T22:03:13.000Z","49","0q7pb3yf","1","256","0.5","false","150","gat","59","0.008761514749554989","","","","0.0001","","adam","1","","","","","","","","","","","","","","","","","15","0.9875807911157608","","0.6632575392723083","0.9317463636398317","0.1959238993893209"
"vocal-sweep-789","","finished","-","","","2026-02-07T00:08:39.000Z","44","0q7pb3yf","8","256","0.3","true","150","gat","88","0.00327615227172122","","","","0.0001","","adam","3","","","","","","","","","","","","","","","","","15","1.0258689895272255","1.4011281331380208","0.6178131699562073","0.8960202932357788","0.1959075246584352"
"eager-sweep-923","","finished","-","","","2026-02-07T01:57:18.000Z","27","0q7pb3yf","8","128","0","false","50","gat","15","0.0009058735191043276","","","","0.0001","","adam","2","","","","","","","","","","","","","","","","","15","0.9088735542398818","","0.6368890404701233","0.9321385025978088","0.19558535527823265"
"devout-sweep-228","","finished","-","","","2026-02-06T16:58:39.000Z","14","0q7pb3yf","2","64","0.5","true","100","gcn","50","0.0013072326607575485","","","","0.0001","","adam","3","","","","","","","","","","","","","","","","","15","0.9703429514361966","1.3876935699406792","0.6382734775543213","0.8968191742897034","0.1951905573835494"
"likely-sweep-949","","finished","-","","","2026-02-07T02:15:21.000Z","21","0q7pb3yf","8","32","0.3","true","50","gcn","76","0.001583053620045099","","","","0.0001","","adam","3","","","","","","","","","","","","","","","","","15","0.9393182855940634","1.4661471309030758","0.5853537321090698","0.8968597054481506","0.1951542481601909"
"light-sweep-1009","","finished","-","","","2026-02-07T02:57:48.000Z","23","0q7pb3yf","2","64","0.5","true","150","gat","75","0.0017693138018328894","","","","0.0001","","adam","2","","","","","","","","","","","","","","","","","15","1.0423025040216345","1.3722689011517692","0.6586204171180725","0.8976829648017883","0.1944153530446051"
"volcanic-sweep-1081","","finished","-","","","2026-02-07T03:56:51.000Z","56","0q7pb3yf","2","64","0.3","false","150","gcn","47","0.0009759154389674704","","","","0.0001","","sgd","1","","","","","","","","","","","","","","","","","15","0.9907356542284772","","0.6583772897720337","0.9346694946289062","0.19340120544414663"
"toasty-sweep-45","","finished","-","","","2026-02-06T14:31:47.000Z","35","0q7pb3yf","2","256","0.3","true","50","gat","88","0.001872845227462747","","","","0.0001","","adam","1","","","","","","","","","","","","","","","","","15","1.0205236971378326","1.4080507622824774","0.6519075036048889","0.8991830348968506","0.19306920455531096"
"genial-sweep-764","","finished","-","","","2026-02-06T23:51:52.000Z","27","0q7pb3yf","8","32","0.3","true","50","gat","57","0.004722563021763472","","","","0.0001","","sgd","2","","","","","","","","","","","","","","","","","15","0.9799259107920432","1.3241313275168924","0.6355812549591064","0.8992670774459839","0.1929938400789074"
"deep-sweep-1091","","finished","-","","","2026-02-07T04:04:35.000Z","29","0q7pb3yf","2","256","0.5","false","100","gcn","43","0.005941223195534224","","","","0.0001","","sgd","2","","","","","","","","","","","","","","","","","15","0.9788864826162657","","0.6479062438011169","0.935189127922058","0.19295277309889236"
"skilled-sweep-666","","finished","-","","","2026-02-06T22:34:01.000Z","12","0q7pb3yf","2","256","0.3","true","100","gcn","63","0.0016144547733053483","","","","0.0001","","adam","3","","","","","","","","","","","","","","","","","15","0.9599178160230318","1.4142784939871893","0.6305760145187378","0.9001942276954651","0.1921618173592172"
"warm-sweep-122","","finished","-","","","2026-02-06T15:37:01.000Z","16","0q7pb3yf","2","256","0.3","true","50","gcn","119","0.0012378621782587066","","","","0.0001","","adam","3","","","","","","","","","","","","","","","","","15","0.9360384071866672","1.400882535510593","0.6193354725837708","0.900295615196228","0.19207079174293065"
"atomic-sweep-675","","finished","-","","","2026-02-06T22:38:29.000Z","143","0q7pb3yf","8","256","0.3","true","100","gat","121","0.0002766696681434406","","","","0.0001","","adam","3","","","","","","","","","","","","","","","","","15","0.9888863389690716","1.3714504374398129","0.6205829381942749","0.900642454624176","0.1917594690233312"
"vital-sweep-85","","finished","-","","","2026-02-06T15:07:24.000Z","12","0q7pb3yf","2","128","0","true","150","gcn","43","0.0022683528721378606","","","","0.0001","","adam","2","","","","","","","","","","","","","","","","","15","0.910900003098427","1.432128131389618","0.6071719527244568","0.9013455510139464","0.19112851214654147"
"dazzling-sweep-259","","finished","-","","","2026-02-06T17:21:44.000Z","21","0q7pb3yf","2","256","0.3","true","50","gat","116","0.008508907351673346","","","","0.0001","","adam","1","","","","","","","","","","","","","","","","","15","1.087309608856837","1.3088004721535578","0.6206880211830139","0.9015829563140868","0.1909154603112777"
"youthful-sweep-385","","finished","-","","","2026-02-06T18:52:00.000Z","19","0q7pb3yf","2","128","0","true","50","gat","97","0.0008902825795707849","","","","0.0001","","adam","3","","","","","","","","","","","","","","","","","15","0.978609416079014","1.3618566709406237","0.6265854835510254","0.9018062353134156","0.1907151629639391"
"spring-sweep-619","","finished","-","","","2026-02-06T21:55:54.000Z","11","0q7pb3yf","8","128","0","true","150","gcn","82","0.0023789373102256527","","","","0.0001","","adam","2","","","","","","","","","","","","","","","","","15","0.9445492612554672","1.4428592569687788","0.6526747345924377","0.902040958404541","0.1905045377225495"
"cosmic-sweep-1044","","finished","-","","","2026-02-07T03:27:35.000Z","77","0q7pb3yf","1","32","0.3","false","100","gat","108","0.000141534751329476","","","","0.0001","","adam","1","","","","","","","","","","","","","","","","","15","0.9815501516224237","","0.7227358222007751","0.938410460948944","0.19017294135532348"
"colorful-sweep-917","","finished","-","","","2026-02-07T01:53:23.000Z","31","0q7pb3yf","2","32","0.5","true","100","gat","16","0.003295278761547934","","","","0.0001","","adam","3","","","","","","","","","","","","","","","","","15","1.0288484508311877","1.3463445524959003","0.6231402158737183","0.9026194214820862","0.18998535806090625"
"fallen-sweep-403","","finished","-","","","2026-02-06T19:04:45.000Z","44","0q7pb3yf","8","256","0","false","150","gcn","125","0.0022738589420938063","","","","0.0001","","sgd","1","","","","","","","","","","","","","","","","","15","0.9634764567017556","","0.6583558917045593","0.938675343990326","0.18994417582571244"
"amber-sweep-232","","finished","-","","","2026-02-06T17:00:45.000Z","38","0q7pb3yf","2","256","0","false","100","gat","40","0.0027048380217290467","","","","0.0001","","adam","1","","","","","","","","","","","","","","","","","15","0.9539417152603468","","0.6663948893547058","0.9387381672859192","0.1898900552859174"
"distinctive-sweep-782","","finished","-","","","2026-02-07T00:03:56.000Z","68","0q7pb3yf","1","32","0","false","100","gat","116","0.0038257808178836063","","","","0.0001","","sgd","1","","","","","","","","","","","","","","","","","15","0.9471867299208075","","0.6596803665161133","0.9389957785606384","0.1896677245909003"
"graceful-sweep-1048","","finished","-","","","2026-02-07T03:36:04.000Z","15","0q7pb3yf","4","64","0.3","true","100","gcn","83","0.000428461855296567","","","","0.0001","","adam","1","","","","","","","","","","","","","","","","","15","0.9799943886777406","1.395852218655979","0.6294926404953003","0.904729425907135","0.188091975027878"
"skilled-sweep-168","","finished","-","","","2026-02-06T16:10:11.000Z","11","0q7pb3yf","1","256","0.3","true","150","gcn","37","0.003158200668362491","","","","0.0001","","adam","3","","","","","","","","","","","","","","","","","15","0.994369689375162","1.3772029744254215","0.6019731163978577","0.9050581455230712","0.18779688106782544"
"ancient-sweep-70","","finished","-","","","2026-02-06T14:55:29.000Z","35","0q7pb3yf","4","256","0","false","50","gat","48","0.006088837251708241","","","","0.0001","","adam","3","","","","","","","","","","","","","","","","","15","0.8249878858526548","","0.627790629863739","0.9413668513298036","0.187621620555373"
"vocal-sweep-805","","finished","-","","","2026-02-07T00:26:41.000Z","16","0q7pb3yf","2","256","0.3","true","100","gcn","81","0.0026460272160040385","","","","0.0001","","adam","2","","","","","","","","","","","","","","","","","15","0.9786433229843776","1.4245389302571614","0.6124551296234131","0.9053114652633668","0.18756960441195591"
"swift-sweep-185","","finished","-","","","2026-02-06T16:22:14.000Z","19","0q7pb3yf","4","128","0.5","false","50","gcn","107","0.0045289655434344765","","","","0.0001","","sgd","1","","","","","","","","","","","","","","","","","15","1.033811389765841","","0.6829405426979065","0.9417007565498352","0.1873334645550404"
"vibrant-sweep-319","","finished","-","","","2026-02-06T18:02:52.000Z","37","0q7pb3yf","4","32","0.3","false","50","gcn","93","0.000839292449791114","","","","0.0001","","sgd","3","","","","","","","","","","","","","","","","","15","0.9900158590847448","","0.6608507633209229","0.9420771598815918","0.1870086254900868"
"icy-sweep-447","","finished","-","","","2026-02-06T19:32:41.000Z","81","0q7pb3yf","8","32","0","false","150","gcn","45","0.000284934678960791","","","","0.0001","","sgd","2","","","","","","","","","","","","","","","","","15","0.9636589560297228","","0.6624501347541809","0.9421857595443726","0.18691490321979576"
"amber-sweep-707","","finished","-","","","2026-02-06T23:05:21.000Z","43","0q7pb3yf","8","256","0.5","false","150","gcn","103","0.00934587068078682","","","","0.0001","","sgd","1","","","","","","","","","","","","","","","","","15","0.9711324870586396","","0.718201756477356","0.942626178264618","0.1865347749828934"
"serene-sweep-897","","finished","-","","","2026-02-07T01:38:46.000Z","88","0q7pb3yf","1","32","0.3","false","150","gcn","125","0.00643538950604468","","","","0.0001","","sgd","1","","","","","","","","","","","","","","","","","15","0.7753232780002779","","0.7578089833259583","0.9431930780410768","0.1860455720973062"
"sage-sweep-641","","finished","-","","","2026-02-06T22:14:01.000Z","30","0q7pb3yf","2","128","0.3","false","100","gcn","78","0.0021584439120492073","","","","0.0001","","sgd","1","","","","","","","","","","","","","","","","","15","1.0030639831055983","","0.6635788679122925","0.9432690143585204","0.1859800539948132"
"rare-sweep-255","","finished","-","","","2026-02-06T17:20:16.000Z","12","0q7pb3yf","2","64","0.3","true","150","gcn","128","0.001334240698805161","","","","0.0001","","adam","2","","","","","","","","","","","","","","","","","15","0.9115810105877538","1.530867106774274","0.6883378028869629","0.907648503780365","0.18547221827210303"
"electric-sweep-344","","finished","-","","","2026-02-06T18:21:14.000Z","55","0q7pb3yf","4","64","0","false","50","gat","114","0.000450081622183631","","","","0.0001","","adam","3","","","","","","","","","","","","","","","","","15","0.8173861625374005","","0.6182922124862671","0.9443569183349608","0.18504125530799895"
"scarlet-sweep-500","","finished","-","","","2026-02-06T20:13:01.000Z","173","0q7pb3yf","8","256","0","false","100","gat","100","0.004416958768960387","","","","0.0001","","sgd","2","","","","","","","","","","","","","","","","","15","0.9920878758033116","","0.6751883029937744","0.9444767236709596","0.18493777665709943"
"glowing-sweep-432","","finished","-","","","2026-02-06T19:24:53.000Z","13","0q7pb3yf","8","128","0","true","50","gcn","96","0.0005273693349153913","","","","0.0001","","adam","3","","","","","","","","","","","","","","","","","15","0.925156962364278","1.3865726344725664","0.6132304072380066","0.9085022211074828","0.18470616351251645"
"pious-sweep-44","","finished","-","","","2026-02-06T14:31:30.000Z","11","0q7pb3yf","8","128","0","true","150","gcn","33","0.00684201996809685","","","","0.0001","","adam","1","","","","","","","","","","","","","","","","","15","0.8933781943422683","1.4942228162989897","0.6117876768112183","0.9100131988525392","0.1833502040853008"
"lemon-sweep-329","","finished","-","","","2026-02-06T18:09:08.000Z","84","0q7pb3yf","2","32","0.5","false","100","gat","43","0.006045010760582881","","","","0.0001","","adam","3","","","","","","","","","","","","","","","","","15","1.009959252451056","","0.6564356088638306","0.946614146232605","0.18309330991029624"
"leafy-sweep-604","","finished","-","","","2026-02-06T21:40:48.000Z","23","0q7pb3yf","2","256","0.5","true","150","gat","121","0.003370118998668133","","","","0.0001","","adam","2","","","","","","","","","","","","","","","","","15","1.0669946546355884","1.3871270153257582","0.6704341173171997","0.9104287624359132","0.1829773506468748"
"deft-sweep-563","","finished","-","","","2026-02-06T21:11:23.000Z","48","0q7pb3yf","4","32","0.5","true","50","gat","24","0.0004922132551621925","","","","0.0001","","adam","1","","","","","","","","","","","","","","","","","15","1.0612244453801905","1.3242441380725187","0.6905515193939209","0.9104793667793274","0.18293187865134383"
"scarlet-sweep-2","","finished","-","","","2026-02-06T13:55:13.000Z","42","0q7pb3yf","2","128","0.5","false","150","gcn","22","0.002934271966300687","","","","0.0001","","sgd","2","","","","","","","","","","","","","","","","","15","0.9780215158107431","","0.6462259888648987","0.94795423746109","0.18193672218409496"
"stoic-sweep-944","","finished","-","","","2026-02-07T02:11:23.000Z","31","0q7pb3yf","1","256","0.5","false","100","gat","16","0.004250146267912771","","","","0.0001","","adam","1","","","","","","","","","","","","","","","","","15","1.0319456855456035","","0.6523965001106262","0.9480417966842652","0.1818612706036027"
"swept-sweep-672","","finished","-","","","2026-02-06T22:37:23.000Z","12","0q7pb3yf","1","256","0.3","true","50","gcn","122","0.0012950029218935775","","","","0.0001","","adam","1","","","","","","","","","","","","","","","","","15","0.9578345293800036","1.459644012980991","0.6080798506736755","0.911987006664276","0.1815788883474229"
"glowing-sweep-86","","finished","-","","","2026-02-06T15:07:41.000Z","15","0q7pb3yf","8","256","0","true","150","gcn","82","0.0014634785515975632","","","","0.0001","","adam","3","","","","","","","","","","","","","","","","","15","0.926402248442173","1.4149524768193562","0.6433979868888855","0.912643015384674","0.18099022618136215"
"lunar-sweep-759","","finished","-","","","2026-02-06T23:48:26.000Z","17","0q7pb3yf","2","64","0.3","true","100","gat","53","0.0010455199328603018","","","","0.0001","","adam","3","","","","","","","","","","","","","","","","","15","1.0406301502258546","1.3386507209609535","0.6316525340080261","0.9127432703971864","0.1809002384032495"
"blooming-sweep-110","","finished","-","","","2026-02-06T15:27:20.000Z","19","0q7pb3yf","8","64","0.3","true","50","gcn","126","0.00017810134963991946","","","","0.0001","","adam","2","","","","","","","","","","","","","","","","","15","0.9693148953299368","1.3835187045966877","0.6313567757606506","0.9129713773727416","0.1806955346252087"
"magic-sweep-286","","finished","-","","","2026-02-06T17:42:49.000Z","19","0q7pb3yf","1","64","0.3","true","150","gat","81","0.0003778262473018428","","","","0.0001","","adam","3","","","","","","","","","","","","","","","","","15","1.023811109924829","1.3101768476121567","0.6290681958198547","0.9130066633224488","0.18066387790424088"
"spring-sweep-413","","finished","-","","","2026-02-06T19:13:22.000Z","20","0q7pb3yf","8","32","0.3","true","50","gcn","126","0.008531001368619185","","","","0.0001","","adam","1","","","","","","","","","","","","","","","","","15","0.973953330789202","1.5905525877195246","0.7107068300247192","0.9135956764221193","0.18013516656143602"
"lively-sweep-920","","finished","-","","","2026-02-07T01:55:55.000Z","17","0q7pb3yf","1","128","0.3","true","150","gcn","64","0.0017704142565598106","","","","0.0001","","adam","1","","","","","","","","","","","","","","","","","15","0.9724100092624096","1.4253072107539455","0.6167535781860352","0.9136325120925904","0.1801021729877813"
"lively-sweep-691","","finished","-","","","2026-02-06T22:54:01.000Z","29","0q7pb3yf","2","256","0","false","100","gcn","51","0.008148334500025181","","","","0.0001","","sgd","1","","","","","","","","","","","","","","","","","15","0.972489818930626","","0.7163205146789551","0.9504656791687012","0.17976951904437566"
"hopeful-sweep-625","","finished","-","","","2026-02-06T22:00:04.000Z","14","0q7pb3yf","8","64","0","true","150","gcn","75","0.00043118101251691377","","","","0.0001","","adam","1","","","","","","","","","","","","","","","","","15","0.9215435529908826","1.3926761185421663","0.6205710768699646","0.9144262075424194","0.17938987503501558"
"genial-sweep-48","","finished","-","","","2026-02-06T14:33:25.000Z","37","0q7pb3yf","4","256","0.5","false","150","gcn","19","0.0057941986629277365","","","","0.0001","","sgd","1","","","","","","","","","","","","","","","","","15","0.9960854053497314","","0.653907299041748","0.9509432911872864","0.1793573175529778"
"likely-sweep-296","","finished","-","","","2026-02-06T17:52:09.000Z","12","0q7pb3yf","8","256","0","true","150","gcn","61","0.0006497830835499962","","","","0.0001","","adam","3","","","","","","","","","","","","","","","","","15","0.9457688108086586","1.3851356903711955","0.6377621293067932","0.9146887063980104","0.17915439476398454"
"dulcet-sweep-309","","finished","-","","","2026-02-06T17:57:50.000Z","21","0q7pb3yf","4","32","0.3","true","100","gcn","15","0.007424724771159969","","","","0.0001","","sgd","3","","","","","","","","","","","","","","","","","15","0.9853766013778024","1.2886234109892565","0.6422801613807678","0.9149573445320128","0.1789133124245348"
"skilled-sweep-888","","finished","-","","","2026-02-07T01:27:49.000Z","95","0q7pb3yf","8","128","0.5","false","100","gat","47","0.0005295122622433804","","","","0.0001","","adam","2","","","","","","","","","","","","","","","","","15","0.9037388055882556","","0.7649418711662292","0.9514629244804382","0.17890890268548476"
"swept-sweep-79","","finished","-","","","2026-02-06T15:00:24.000Z","14","0q7pb3yf","8","128","0","true","50","gcn","10","0.002643062839714947","","","","0.0001","","adam","1","","","","","","","","","","","","","","","","","15","0.925267257588975","1.3937838603468502","0.628852903842926","0.915466606616974","0.17845624347348257"
"playful-sweep-1057","","finished","-","","","2026-02-07T03:41:12.000Z","23","0q7pb3yf","1","32","0.5","true","100","gcn","45","0.0004018270501877088","","","","0.0001","","adam","1","","","","","","","","","","","","","","","","","15","1.0633117045446108","1.359589719597031","0.6424853801727295","0.9155212640762328","0.178407333216957"
"whole-sweep-81","","finished","-","","","2026-02-06T15:01:03.000Z","59","0q7pb3yf","4","32","0.5","true","150","gcn","17","0.000222193201943696","","","","0.0001","","adam","2","","","","","","","","","","","","","","","","","15","0.9763943065879166","1.3065969532026964","0.6324396133422852","0.9156866073608398","0.17825888910708798"
"warm-sweep-531","","finished","-","","","2026-02-06T20:37:13.000Z","14","0q7pb3yf","8","256","0","true","150","gcn","70","0.002441179806856367","","","","0.0001","","adam","3","","","","","","","","","","","","","","","","","15","0.8943762282530466","1.4430062770843506","0.6141694784164429","0.9168595671653748","0.17720620578977508"
"ethereal-sweep-831","","finished","-","","","2026-02-07T00:42:47.000Z","89","0q7pb3yf","4","64","0.5","false","100","gat","126","0.003974354869522412","","","","0.0001","","adam","1","","","","","","","","","","","","","","","","","15","0.9557087536781064","","0.7484025359153748","0.9534900784492492","0.17715945254087684"
"rich-sweep-830","","finished","-","","","2026-02-07T00:42:31.000Z","15","0q7pb3yf","2","64","0.5","true","100","gcn","124","0.00032199496653710294","","","","0.0001","","adam","3","","","","","","","","","","","","","","","","","15","0.9787853062152864","1.403344015864765","0.6001607775688171","0.9174709916114808","0.17665759983277607"
"crisp-sweep-22","","finished","-","","","2026-02-06T14:11:34.000Z","11","0q7pb3yf","8","256","0","true","150","gcn","115","0.0020219429680166695","","","","0.0001","","adam","1","","","","","","","","","","","","","","","","","15","0.9084344878792764","1.4174742566214666","0.6045477986335754","0.9184001684188844","0.17582374072280516"
"pretty-sweep-912","","finished","-","","","2026-02-07T01:51:01.000Z","13","0q7pb3yf","8","256","0.5","true","100","gcn","125","0.0010969791099635826","","","","0.0001","","adam","2","","","","","","","","","","","","","","","","","15","1.0351128205657003","1.363814459906684","0.6503477096557617","0.919111430644989","0.1751853933906995"
"graceful-sweep-112","","finished","-","","","2026-02-06T15:27:59.000Z","33","0q7pb3yf","4","128","0.5","true","150","gat","101","0.009053155709278851","","","","0.0001","","adam","1","","","","","","","","","","","","","","","","","15","0.9924803972244264","1.5304551615434534","0.6193002462387085","0.9193020462989808","0.17501428966460075"
"classic-sweep-226","","finished","-","","","2026-02-06T16:53:27.000Z","12","0q7pb3yf","1","128","0","true","100","gcn","45","0.0011687700116635256","","","","0.0001","","adam","1","","","","","","","","","","","","","","","","","15","0.9435485233651832","1.4016939191257252","0.6371819376945496","0.9194180369377136","0.1749102668137339"
"ancient-sweep-523","","finished","-","","","2026-02-06T20:32:34.000Z","19","0q7pb3yf","1","256","0.3","false","50","gcn","35","0.007688928121180784","","","","0.0001","","sgd","3","","","","","","","","","","","","","","","","","15","1.0132906436920166","","0.6808837056159973","0.956391215324402","0.17465592027924293"
"flowing-sweep-410","","finished","-","","","2026-02-06T19:11:38.000Z","24","0q7pb3yf","2","128","0.3","true","50","gat","125","0.0006451345225689559","","","","0.0001","","adam","2","","","","","","","","","","","","","","","","","15","1.0262886729646237","1.305152177810669","0.6615967154502869","0.9197641015052797","0.17459967002728105"
"sleek-sweep-955","","finished","-","","","2026-02-07T02:18:38.000Z","49","0q7pb3yf","2","256","0.5","false","100","gat","77","0.004954477557614449","","","","0.0001","","sgd","2","","","","","","","","","","","","","","","","","15","1.0164842158555984","","0.6755637526512146","0.9565723538398744","0.17449951693157062"
"winter-sweep-576","","finished","-","","","2026-02-06T21:21:04.000Z","85","0q7pb3yf","4","32","0.3","false","150","gcn","111","0.0002308170829018303","","","","0.0001","","sgd","1","","","","","","","","","","","","","","","","","15","1.0137152378597567","","0.6691389679908752","0.9567282795906068","0.17436504767625682"
"warm-sweep-428","","finished","-","","","2026-02-06T19:21:43.000Z","25","0q7pb3yf","1","32","0.5","true","150","gcn","46","0.0003155138952877179","","","","0.0001","","adam","2","","","","","","","","","","","","","","","","","15","1.0653869822140662","1.3343408506582766","0.6381341218948364","0.9203197956085204","0.1741009658982594"
"magic-sweep-813","","finished","-","","","2026-02-07T00:30:35.000Z","27","0q7pb3yf","2","128","0","false","50","gat","94","0.00088584048104625","","","","0.0001","","adam","2","","","","","","","","","","","","","","","","","15","0.9057889498294668","","0.7290647625923157","0.9572938680648804","0.1738769361343352"
"whole-sweep-352","","finished","-","","","2026-02-06T18:30:32.000Z","15","0q7pb3yf","2","128","0.5","true","50","gcn","11","0.007620969478313533","","","","0.0001","","adam","3","","","","","","","","","","","","","","","","","15","1.0253821636768097","1.3202854184543384","0.6562687158584595","0.92081618309021","0.1736555343468401"
"swept-sweep-193","","finished","-","","","2026-02-06T16:27:46.000Z","19","0q7pb3yf","1","256","0","true","100","gcn","66","0.0014142619470255272","","","","0.0001","","adam","2","","","","","","","","","","","","","","","","","15","0.8696482802430788","1.480404840575324","0.5982876420021057","0.9208848476409912","0.17359397004726873"
"valiant-sweep-592","","finished","-","","","2026-02-06T21:32:50.000Z","16","0q7pb3yf","1","128","0.5","true","150","gcn","93","0.001536066030786145","","","","0.0001","","adam","3","","","","","","","","","","","","","","","","","15","0.9998051219798147","1.4780064891366398","0.6703001260757446","0.9214044809341432","0.17312752371040196"
"visionary-sweep-565","","finished","-","","","2026-02-06T21:13:12.000Z","16","0q7pb3yf","8","128","0.3","true","50","gcn","21","0.0020436688665095033","","","","0.0001","","adam","2","","","","","","","","","","","","","","","","","15","1.0388599583443174","1.4019952872220207","0.6658899784088135","0.9215335249900818","0.1730117509583905"
"fine-sweep-194","","finished","-","","","2026-02-06T16:28:09.000Z","86","0q7pb3yf","2","32","0.3","false","150","gcn","98","0.00020640288153598725","","","","0.0001","","sgd","2","","","","","","","","","","","","","","","","","15","1.0031946507352654","","0.660886287689209","0.9587311148643494","0.17263663554133968"
"vague-sweep-926","","finished","-","","","2026-02-07T01:58:56.000Z","94","0q7pb3yf","1","32","0.5","false","150","gat","14","0.0019189830965530292","","","","0.0001","","sgd","3","","","","","","","","","","","","","","","","","15","1.0249921043393433","","0.6627116799354553","0.9588475823402404","0.17253611440247285"
"worldly-sweep-495","","finished","-","","","2026-02-06T20:10:49.000Z","12","0q7pb3yf","8","64","0.3","true","100","gcn","127","0.005127830864548156","","","","0.0001","","adam","1","","","","","","","","","","","","","","","","","15","0.9310851959131096","1.506966249031179","0.6930693984031677","0.9226804971694946","0.17198259886846523"
"young-sweep-26","","finished","-","","","2026-02-06T14:14:34.000Z","29","0q7pb3yf","4","32","0.3","true","150","gat","97","0.004106239706777313","","","","0.0001","","sgd","1","","","","","","","","","","","","","","","","","15","1.0148876575372552","1.3560031240477282","0.6146458983421326","0.923148274421692","0.17156272431198916"
"breezy-sweep-178","","finished","-","","","2026-02-06T16:18:05.000Z","18","0q7pb3yf","2","256","0.3","true","50","gat","91","0.0020282592941875733","","","","0.0001","","adam","2","","","","","","","","","","","","","","","","","15","1.0743667458494504","1.3455671005778842","0.6517391800880432","0.9247443079948424","0.17013044575725933"
"fresh-sweep-151","","finished","-","","","2026-02-06T15:57:13.000Z","21","0q7pb3yf","2","128","0","true","50","gat","81","0.0016163960364779797","","","","0.0001","","adam","2","","","","","","","","","","","","","","","","","15","0.9662259893214448","1.387807846069336","0.6702826023101807","0.9252645969390868","0.16966354560762953"
"light-sweep-54","","finished","-","","","2026-02-06T14:41:46.000Z","12","0q7pb3yf","1","128","0.5","true","150","gcn","30","0.001331712380643701","","","","0.0001","","adam","1","","","","","","","","","","","","","","","","","15","1.1120940700490425","1.3625317461350386","0.6378570199012756","0.92539644241333","0.16954518509003758"
"confused-sweep-29","","finished","-","","","2026-02-06T14:15:45.000Z","14","0q7pb3yf","4","256","0.3","true","150","gcn","107","0.0005369129919808259","","","","0.0001","","adam","2","","","","","","","","","","","","","","","","","15","0.9819565415382384","1.3812040620379975","0.6505019664764404","0.92783921957016","0.16735306952655782"
"wise-sweep-731","","finished","-","","","2026-02-06T23:26:49.000Z","17","0q7pb3yf","4","32","0","true","100","gcn","100","0.0029612581651902456","","","","0.0001","","sgd","2","","","","","","","","","","","","","","","","","15","0.9545409503162549","1.354413233259145","0.6603733897209167","0.9282461404800416","0.166987900576135"
"stellar-sweep-559","","finished","-","","","2026-02-06T21:09:18.000Z","31","0q7pb3yf","2","32","0.3","true","100","gat","56","0.0003189799109416741","","","","0.0001","","adam","3","","","","","","","","","","","","","","","","","15","1.034872479336236","1.3039522324414814","0.6676954030990601","0.9283103346824646","0.1669303016021092"
"treasured-sweep-810","","finished","-","","","2026-02-07T00:28:41.000Z","38","0q7pb3yf","4","64","0.5","false","50","gat","103","0.00037292610739195735","","","","0.0001","","adam","1","","","","","","","","","","","","","","","","","15","0.9852139116615376","","0.7343207001686096","0.9653921723365784","0.1668881765125414"
"iconic-sweep-366","","finished","-","","","2026-02-06T18:41:56.000Z","21","0q7pb3yf","1","32","0","true","100","gcn","63","0.0007128272222170147","","","","0.0001","","adam","3","","","","","","","","","","","","","","","","","15","0.9281164018377182","1.458211478065042","0.6040591597557068","0.9287778735160828","0.1665106181064279"
"light-sweep-437","","finished","-","","","2026-02-06T19:26:50.000Z","39","0q7pb3yf","1","256","0.5","false","100","gat","104","0.006695210019553395","","","","0.0001","","sgd","3","","","","","","","","","","","","","","","","","15","1.0299327199657755","","0.6669960021972656","0.9664545059204102","0.1659714947775044"
"curious-sweep-560","","finished","-","","","2026-02-06T21:09:50.000Z","32","0q7pb3yf","2","128","0.5","false","100","gcn","22","0.002783858841685646","","","","0.0001","","sgd","2","","","","","","","","","","","","","","","","","15","1.0033067033645957","","0.6658321619033813","0.9667071104049684","0.16575348923417543"
"smart-sweep-865","","finished","-","","","2026-02-07T01:11:32.000Z","14","0q7pb3yf","8","256","0","true","100","gcn","106","0.0003145875042242817","","","","0.0001","","adam","3","","","","","","","","","","","","","","","","","15","0.9920168096820512","1.3938986990186903","0.6558361053466797","0.92962646484375","0.1657492284968275"
"fiery-sweep-180","","finished","-","","","2026-02-06T16:19:15.000Z","14","0q7pb3yf","1","256","0.3","true","150","gcn","97","0.0004760555645231437","","","","0.0001","","adam","2","","","","","","","","","","","","","","","","","15","0.997433714568615","1.3627570470174153","0.666132390499115","0.93027663230896","0.16516570392130514"
"driven-sweep-183","","finished","-","","","2026-02-06T16:20:48.000Z","18","0q7pb3yf","2","128","0.5","true","100","gcn","127","0.00020272623031720785","","","","0.0001","","adam","3","","","","","","","","","","","","","","","","","15","1.0139004080853564","1.38239125995075","0.638192892074585","0.9303434491157532","0.16510575899694446"
"worthy-sweep-589","","finished","-","","","2026-02-06T21:30:02.000Z","85","0q7pb3yf","2","32","0","false","150","gcn","19","0.00023529616736555625","","","","0.0001","","sgd","3","","","","","","","","","","","","","","","","","15","0.9882856575391624","","0.6740087270736694","0.9676316380500792","0.1649556203076047"
"major-sweep-698","","finished","-","","","2026-02-06T22:59:49.000Z","39","0q7pb3yf","8","128","0.5","true","150","gat","105","0.009972222324071498","","","","0.0001","","adam","2","","","","","","","","","","","","","","","","","15","1.0933713722736278","1.4471086263656616","0.7083951830863953","0.9308655858039856","0.1646371095879312"
"spring-sweep-766","","finished","-","","","2026-02-06T23:52:47.000Z","18","0q7pb3yf","2","64","0.3","true","100","gat","43","0.005031591277985283","","","","0.0001","","sgd","3","","","","","","","","","","","","","","","","","15","1.0036941042510412","1.323353597346474","0.6277000308036804","0.931528091430664","0.16404262722577034"
"rose-sweep-1039","","finished","-","","","2026-02-07T03:22:38.000Z","74","0q7pb3yf","2","64","0.5","false","150","gat","12","0.000206277518580693","","","","0.0001","","adam","3","","","","","","","","","","","","","","","","","15","1.019412693477446","","0.6717934012413025","0.9688038229942322","0.16394402099958272"
"fallen-sweep-644","","finished","-","","","2026-02-06T22:15:07.000Z","35","0q7pb3yf","1","32","0.5","false","50","gat","44","0.00204550055896934","","","","0.0001","","sgd","3","","","","","","","","","","","","","","","","","15","1.033599416895579","","0.6637819409370422","0.9689447283744812","0.16382245335830137"
"serene-sweep-961","","finished","-","","","2026-02-07T02:24:50.000Z","59","0q7pb3yf","8","32","0.3","false","100","gcn","120","0.0002817820859872326","","","","0.0001","","sgd","1","","","","","","","","","","","","","","","","","15","1.0244003332430316","","0.6659985184669495","0.9694145917892456","0.16341707218153378"
"usual-sweep-725","","finished","-","","","2026-02-06T23:20:20.000Z","24","0q7pb3yf","1","32","0.3","true","100","gcn","15","0.008323441145282703","","","","0.0001","","adam","3","","","","","","","","","","","","","","","","","15","0.9472038640129952","1.5691896133563097","0.7258536219596863","0.9324161410331726","0.16324564238024308"
"legendary-sweep-915","","finished","-","","","2026-02-07T01:52:07.000Z","31","0q7pb3yf","2","128","0.5","true","100","gat","57","0.0005088122877249274","","","","0.0001","","adam","2","","","","","","","","","","","","","","","","","15","1.0392978001148143","1.2876365289968603","0.6689891815185547","0.9327791333198548","0.1629199814247"
"summer-sweep-484","","finished","-","","","2026-02-06T20:03:32.000Z","22","0q7pb3yf","1","32","0.5","true","150","gcn","36","0.0005550816554045441","","","","0.0001","","adam","2","","","","","","","","","","","","","","","","","15","1.0019579802149086","1.3811500931487364","0.6292770504951477","0.9328343868255616","0.1628703045102975"
"mild-sweep-441","","finished","-","","","2026-02-06T19:30:11.000Z","18","0q7pb3yf","4","128","0","false","50","gcn","87","0.0021882697381155653","","","","0.0001","","sgd","2","","","","","","","","","","","","","","","","","15","0.9962050153854044","","0.6760343313217163","0.9702004194259644","0.16273881287861902"
"different-sweep-1020","","finished","-","","","2026-02-07T03:05:18.000Z","13","0q7pb3yf","8","128","0","true","150","gcn","48","0.0003733696436913294","","","","0.0001","","adam","2","","","","","","","","","","","","","","","","","15","0.9283582232099898","1.4029632771716398","0.6375629305839539","0.9331429600715636","0.16259343233799406"
"bright-sweep-694","","finished","-","","","2026-02-06T22:55:25.000Z","21","0q7pb3yf","1","64","0.3","false","50","gcn","121","0.0009814696322547286","","","","0.0001","","sgd","2","","","","","","","","","","","","","","","","","15","1.024941945588717","","0.6638627052307129","0.9704603552818298","0.16251449243597893"
"amber-sweep-799","","finished","-","","","2026-02-07T00:18:39.000Z","22","0q7pb3yf","8","32","0.3","true","100","gcn","87","0.004370564376478095","","","","0.0001","","adam","1","","","","","","","","","","","","","","","","","15","0.9290523786217936","1.6188382883282268","0.7265903949737549","0.933469831943512","0.16230008927480577"
"smooth-sweep-301","","finished","-","","","2026-02-06T17:54:15.000Z","17","0q7pb3yf","1","256","0","true","150","gcn","116","0.0002559488655674631","","","","0.0001","","adam","3","","","","","","","","","","","","","","","","","15","1.0092852860689163","1.3669282727771337","0.6585814952850342","0.9338386058807372","0.16196917344835438"
"wandering-sweep-967","","finished","-","","","2026-02-07T02:29:46.000Z","46","0q7pb3yf","2","32","0.5","false","50","gat","107","0.0007389422335162923","","","","0.0001","","adam","1","","","","","","","","","","","","","","","","","15","0.986134149534728","","0.7494568228721619","0.971139132976532","0.161928825597092"
"comic-sweep-871","","finished","-","","","2026-02-07T01:15:10.000Z","20","0q7pb3yf","1","32","0","true","150","gcn","81","0.002216621752917545","","","","0.0001","","sgd","1","","","","","","","","","","","","","","","","","15","0.9614565301165786","1.343628279864788","0.6471326351165771","0.9341756105422974","0.16166669556877167"
"smart-sweep-985","","finished","-","","","2026-02-07T02:40:00.000Z","31","0q7pb3yf","8","32","0.5","true","100","gcn","126","0.008272428623184443","","","","0.0001","","adam","3","","","","","","","","","","","","","","","","","15","0.8766069783959337","1.5400888639337875","0.7439455986022949","0.9342705607414246","0.16158146084543"
"true-sweep-765","","finished","-","","","2026-02-06T23:52:25.000Z","17","0q7pb3yf","8","64","0","true","100","gcn","70","0.00041487328317083006","","","","0.0001","","adam","1","","","","","","","","","","","","","","","","","15","0.9302035884190633","1.4232720048988567","0.6803127527236938","0.935228705406189","0.16072165190948562"
"colorful-sweep-450","","finished","-","","","2026-02-06T19:35:55.000Z","26","0q7pb3yf","1","32","0.5","true","150","gcn","12","0.002240627208987638","","","","0.0001","","adam","1","","","","","","","","","","","","","","","","","15","0.977207445489463","1.3059275527210796","0.631629228591919","0.9353631138801576","0.1606011056175165"
"usual-sweep-1063","","finished","-","","","2026-02-07T03:46:47.000Z","16","0q7pb3yf","2","256","0","false","50","gcn","118","0.005862693295492257","","","","0.0001","","sgd","1","","","","","","","","","","","","","","","","","15","0.973701313138008","","0.6490693688392639","0.9727612137794496","0.16052884786411836"
"chocolate-sweep-391","","finished","-","","","2026-02-06T18:57:02.000Z","22","0q7pb3yf","1","256","0.5","false","50","gat","31","0.0037270533335675223","","","","0.0001","","adam","3","","","","","","","","","","","","","","","","","15","1.0326364239056904","","0.6747584342956543","0.973118782043457","0.16022037626882069"
"polished-sweep-526","","finished","-","","","2026-02-06T20:34:02.000Z","24","0q7pb3yf","1","64","0.3","false","50","gat","16","0.007656768666505051","","","","0.0001","","sgd","1","","","","","","","","","","","","","","","","","15","1.0213686375207798","","0.6681385636329651","0.9732206463813782","0.16013246384847157"
"rich-sweep-170","","finished","-","","","2026-02-06T16:10:55.000Z","16","0q7pb3yf","1","128","0.3","true","50","gat","121","0.001498373724679228","","","","0.0001","","adam","1","","","","","","","","","","","","","","","","","15","1.0560241290863523","1.3421964610324186","0.6494364738464355","0.9359073042869568","0.16011269890715096"
"elated-sweep-978","","finished","-","","","2026-02-07T02:36:07.000Z","17","0q7pb3yf","8","256","0.3","true","100","gat","27","0.00737329893220113","","","","0.0001","","adam","2","","","","","","","","","","","","","","","","","15","0.988455886642138","1.4052896367179022","0.68466717004776","0.9359387159347534","0.16008447489043764"
"usual-sweep-249","","finished","-","","","2026-02-06T17:14:16.000Z","63","0q7pb3yf","8","64","0.3","false","150","gcn","107","0.0003402847461770342","","","","0.0001","","sgd","3","","","","","","","","","","","","","","","","","15","1.0194286258630856","","0.6831440329551697","0.9735534191131592","0.15984534697567254"
"solar-sweep-262","","finished","-","","","2026-02-06T17:23:39.000Z","38","0q7pb3yf","2","256","0.3","false","100","gat","44","0.0002608589790777085","","","","0.0001","","adam","2","","","","","","","","","","","","","","","","","15","1.072987288236618","","0.6954082250595093","0.9736434817314148","0.15976758196252716"
"firm-sweep-1060","","finished","-","","","2026-02-07T03:43:49.000Z","35","0q7pb3yf","1","128","0.3","false","100","gcn","46","0.0011486707519485389","","","","0.0001","","sgd","3","","","","","","","","","","","","","","","","","15","1.0159992753191198","","0.6786488890647888","0.9736639261245728","0.15974993519378988"
"lively-sweep-117","","finished","-","","","2026-02-06T15:32:24.000Z","17","0q7pb3yf","4","64","0","true","150","gcn","53","0.00018000910117751468","","","","0.0001","","adam","3","","","","","","","","","","","","","","","","","15","0.9399109675038244","1.3934105126296772","0.6401293277740479","0.9363396763801576","0.15972473022215294"
"fast-sweep-561","","finished","-","","","2026-02-06T21:10:29.000Z","23","0q7pb3yf","8","32","0.3","true","50","gcn","60","0.00022875820820862305","","","","0.0001","","adam","2","","","","","","","","","","","","","","","","","15","0.9947141107692512","1.4055938505951096","0.6903287768363953","0.93642395734787","0.15964907568033326"
"winter-sweep-940","","finished","-","","","2026-02-07T02:09:13.000Z","16","0q7pb3yf","1","64","0","true","150","gcn","109","0.00011688373341154472","","","","0.0001","","adam","2","","","","","","","","","","","","","","","","","15","0.9477678585437036","1.3898429870605469","0.6616092324256897","0.9365503787994384","0.15953567276787617"
"dashing-sweep-229","","finished","-","","","2026-02-06T16:58:55.000Z","23","0q7pb3yf","2","256","0.5","true","100","gat","65","0.006670506138952616","","","","0.0001","","adam","1","","","","","","","","","","","","","","","","","15","1.0733595564961431","1.3986823028988309","0.675029456615448","0.9368486404418944","0.15926796355009765"
"dandy-sweep-218","","finished","-","","","2026-02-06T16:46:51.000Z","56","0q7pb3yf","2","32","0.5","false","100","gcn","26","0.0005010010139389005","","","","0.0001","","sgd","2","","","","","","","","","","","","","","","","","15","1.0206319978160243","","0.6839251518249512","0.9745147824287416","0.15901563210995415"
"young-sweep-809","","finished","-","","","2026-02-07T00:28:25.000Z","13","0q7pb3yf","2","128","0","true","100","gcn","97","0.006300841878237488","","","","0.0001","","sgd","2","","","","","","","","","","","","","","","","","15","0.9764744880351616","1.3385628496899324","0.6672317385673523","0.9380520582199096","0.15818799099591307"
"magic-sweep-299","","finished","-","","","2026-02-06T17:53:26.000Z","16","0q7pb3yf","4","64","0.3","true","50","gcn","126","0.004276668823840829","","","","0.0001","","sgd","3","","","","","","","","","","","","","","","","","15","0.9812715835468744","1.3246505961698645","0.6422187089920044","0.938249409198761","0.15801091945346024"
"exalted-sweep-444","","finished","-","","","2026-02-06T19:31:07.000Z","42","0q7pb3yf","8","128","0.5","false","150","gcn","35","0.0011022583507055356","","","","0.0001","","sgd","2","","","","","","","","","","","","","","","","","15","1.030399241345994","","0.6750000715255737","0.9764022827148438","0.15738677796903688"
"good-sweep-780","","finished","-","","","2026-02-07T00:02:07.000Z","75","0q7pb3yf","2","64","0","false","150","gat","80","0.0008993389251966561","","","","0.0001","","sgd","3","","","","","","","","","","","","","","","","","15","0.9730228788109236","","0.6679436564445496","0.9765027165412904","0.15730010381046944"
"young-sweep-680","","finished","-","","","2026-02-06T22:45:45.000Z","30","0q7pb3yf","4","128","0.3","true","100","gat","111","0.0017833905904594926","","","","0.0001","","adam","1","","","","","","","","","","","","","","","","","15","1.022984097612665","1.43299620291766","0.7203353047370911","0.9390685558319092","0.15727577618103927"
"vibrant-sweep-492","","finished","-","","","2026-02-06T20:08:22.000Z","56","0q7pb3yf","1","32","0","false","100","gcn","14","0.00037946919484458617","","","","0.0001","","sgd","2","","","","","","","","","","","","","","","","","15","0.9787698274338116","","0.6496873497962952","0.9770408868789672","0.1568356001310619"
"lively-sweep-212","","finished","-","","","2026-02-06T16:44:01.000Z","18","0q7pb3yf","2","64","0.5","true","100","gcn","20","0.002946234124796634","","","","0.0001","","adam","1","","","","","","","","","","","","","","","","","15","1.0262162461075732","1.3713753609096302","0.7064852118492126","0.9395986795425416","0.1568000517935374"
"noble-sweep-91","","finished","-","","","2026-02-06T15:10:09.000Z","30","0q7pb3yf","2","64","0.5","true","100","gat","50","0.00031816003721311606","","","","0.0001","","adam","2","","","","","","","","","","","","","","","","","15","1.029523786357654","1.3064912347232591","0.6799392700195312","0.939943552017212","0.15649056999357125"
"leafy-sweep-372","","finished","-","","","2026-02-06T18:46:12.000Z","42","0q7pb3yf","4","32","0.5","true","50","gcn","15","0.00017207913793598978","","","","0.0001","","adam","3","","","","","","","","","","","","","","","","","15","1.02827508074622","1.2973681767197216","0.6690341234207153","0.9410815238952636","0.15546928888507383"
"likely-sweep-797","","finished","-","","","2026-02-07T00:16:52.000Z","78","0q7pb3yf","4","256","0.3","false","150","gat","39","0.0023289733905226253","","","","0.0001","","sgd","3","","","","","","","","","","","","","","","","","15","1.0239622990290325","","0.6667754054069519","0.9787384271621704","0.15537074205175772"
"distinctive-sweep-581","","finished","-","","","2026-02-06T21:24:31.000Z","44","0q7pb3yf","1","64","0.5","false","100","gat","33","0.008098481660467866","","","","0.0001","","sgd","2","","","","","","","","","","","","","","","","","15","1.0205790038390825","","0.6539427042007446","0.9799531698226928","0.15432250678529835"
"logical-sweep-404","","finished","-","","","2026-02-06T19:05:35.000Z","66","0q7pb3yf","2","128","0.5","false","150","gat","91","0.005383629980355251","","","","0.0001","","sgd","1","","","","","","","","","","","","","","","","","15","0.9986200319959764","","0.7439187169075012","0.9800078868865968","0.15427523786124286"
"earnest-sweep-464","","finished","-","","","2026-02-06T19:47:16.000Z","35","0q7pb3yf","4","256","0.3","false","150","gcn","8","0.0053119457425716025","","","","0.0001","","sgd","3","","","","","","","","","","","","","","","","","15","0.9945395787556968","","0.6533517837524414","0.980044960975647","0.1542432189473235"
"crimson-sweep-704","","finished","-","","","2026-02-06T23:03:38.000Z","42","0q7pb3yf","8","128","0.3","true","100","gat","50","0.000764747615955585","","","","0.0001","","adam","1","","","","","","","","","","","","","","","","","15","0.9693996272188552","1.483557055978214","0.7461610436439514","0.9425269961357116","0.15417221082067656"
"super-sweep-485","","finished","-","","","2026-02-06T20:04:00.000Z","19","0q7pb3yf","4","128","0","true","50","gcn","18","0.0008195071794700339","","","","0.0001","","adam","1","","","","","","","","","","","","","","","","","15","0.9545403871130436","1.402328372001648","0.6319782733917236","0.9432181715965272","0.1535519084265533"
"peachy-sweep-1001","","finished","-","","","2026-02-07T02:51:18.000Z","16","0q7pb3yf","1","128","0","true","150","gcn","38","0.000210465383145004","","","","0.0001","","adam","3","","","","","","","","","","","","","","","","","15","0.9889828689554904","1.370989490957821","0.6586068868637085","0.9432226419448853","0.15354785584300912"
"rosy-sweep-584","","finished","-","","","2026-02-06T21:27:24.000Z","24","0q7pb3yf","2","256","0.5","false","100","gcn","17","0.004939864439702931","","","","0.0001","","sgd","3","","","","","","","","","","","","","","","","","15","1.0145588641365368","","0.6627618074417114","0.9810444116592408","0.1533806991139718"
"woven-sweep-783","","finished","-","","","2026-02-07T00:05:07.000Z","73","0q7pb3yf","1","64","0.5","false","150","gat","118","0.000993242996022283","","","","0.0001","","sgd","2","","","","","","","","","","","","","","","","","15","1.0338907382821525","","0.6577492356300354","0.981179654598236","0.15326404813439165"
"stellar-sweep-746","","finished","-","","","2026-02-06T23:40:21.000Z","13","0q7pb3yf","1","256","0.3","true","150","gcn","51","0.000974484861421782","","","","0.0001","","adam","1","","","","","","","","","","","","","","","","","15","1.025639325380325","1.3915820585356815","0.6596534848213196","0.943769633769989","0.15305699514821092"
"restful-sweep-132","","finished","-","","","2026-02-06T15:42:56.000Z","18","0q7pb3yf","1","32","0.5","true","50","gcn","117","0.002413664546415879","","","","0.0001","","sgd","3","","","","","","","","","","","","","","","","","15","1.0097478358976302","1.2989333701484345","0.6617298722267151","0.9443331956863404","0.15255127168173443"
"faithful-sweep-889","","finished","-","","","2026-02-07T01:29:26.000Z","23","0q7pb3yf","1","32","0","true","150","gcn","33","0.00014147068324638228","","","","0.0001","","adam","1","","","","","","","","","","","","","","","","","15","0.9626364896214136","1.344011412385632","0.6517101526260376","0.9446994066238404","0.15222264902595595"
"stellar-sweep-155","","finished","-","","","2026-02-06T15:59:45.000Z","27","0q7pb3yf","2","64","0.5","true","50","gat","19","0.0012501242428701793","","","","0.0001","","adam","2","","","","","","","","","","","","","","","","","15","1.0198651497722957","1.275000209317488","0.6732890605926514","0.9451372623443604","0.1518296929455487"
"wobbly-sweep-147","","finished","-","","","2026-02-06T15:54:40.000Z","21","0q7pb3yf","2","256","0.5","true","50","gat","71","0.001625702700433572","","","","0.0001","","adam","3","","","","","","","","","","","","","","","","","15","1.0381607338786123","1.3354215224583943","0.6693650484085083","0.9451382160186768","0.1518288782205548"
"splendid-sweep-246","","finished","-","","","2026-02-06T17:12:05.000Z","55","0q7pb3yf","8","256","0.3","true","150","gat","34","0.0004479889281750407","","","","0.0001","","adam","1","","","","","","","","","","","","","","","","","15","1.0550867666800816","1.324226114484999","0.6630100607872009","0.9455867409706116","0.15142628313651096"
"dauntless-sweep-658","","finished","-","","","2026-02-06T22:29:45.000Z","43","0q7pb3yf","2","256","0","false","150","gat","20","0.0007262263451463964","","","","0.0001","","adam","2","","","","","","","","","","","","","","","","","15","0.9877833053469658","","0.674752950668335","0.9837278127670288","0.15106496654067925"
"peachy-sweep-857","","finished","-","","","2026-02-07T01:04:30.000Z","33","0q7pb3yf","1","64","0.3","true","50","gat","128","0.0017950027202643286","","","","0.0001","","adam","1","","","","","","","","","","","","","","","","","15","1.0242269160926982","1.2961171251886032","0.6969686150550842","0.9463244080543518","0.1507643547954843"
"hearty-sweep-435","","finished","-","","","2026-02-06T19:25:49.000Z","19","0q7pb3yf","8","256","0.5","true","150","gcn","77","0.0006996222278018687","","","","0.0001","","adam","1","","","","","","","","","","","","","","","","","15","1.0705107177297275","1.3639258411195545","0.6266070008277893","0.9465347528457642","0.15057563137599272"
"drawn-sweep-121","","finished","-","","","2026-02-06T15:36:33.000Z","21","0q7pb3yf","1","32","0","true","50","gcn","49","0.002094364268199068","","","","0.0001","","sgd","2","","","","","","","","","","","","","","","","","15","0.9757352780590776","1.3405823234249563","0.6851410269737244","0.9465606808662416","0.15055236006416528"
"fearless-sweep-909","","finished","-","","","2026-02-07T01:49:50.000Z","15","0q7pb3yf","2","128","0.5","true","50","gcn","73","0.0002286895111658189","","","","0.0001","","adam","3","","","","","","","","","","","","","","","","","15","1.0678723746157708","1.359190442982842","0.6274504065513611","0.9465921521186828","0.15052402798985498"
"sunny-sweep-442","","finished","-","","","2026-02-06T19:30:33.000Z","14","0q7pb3yf","2","128","0.3","true","150","gcn","115","0.006791908594990099","","","","0.0001","","sgd","3","","","","","","","","","","","","","","","","","15","1.0214976161084277","1.3022340921794666","0.6584588289260864","0.9470350742340088","0.1501265725628168"
"glad-sweep-406","","finished","-","","","2026-02-06T19:07:08.000Z","18","0q7pb3yf","4","128","0.5","true","50","gcn","91","0.00030486572080923996","","","","0.0001","","adam","1","","","","","","","","","","","","","","","","","15","1.057968769935851","1.3863354675910051","0.6831775307655334","0.9472637176513672","0.14992141856907093"
"peachy-sweep-1068","","finished","-","","","2026-02-07T03:49:25.000Z","26","0q7pb3yf","2","128","0.3","true","100","gcn","8","0.0018619130893770609","","","","0.0001","","adam","3","","","","","","","","","","","","","","","","","15","0.9930523291547249","1.3158977522569544","0.6378480792045593","0.9473984837532043","0.14980043749798033"
"ethereal-sweep-463","","finished","-","","","2026-02-06T19:46:32.000Z","40","0q7pb3yf","4","32","0.5","true","100","gat","40","0.001871265696390533","","","","0.0001","","sgd","2","","","","","","","","","","","","","","","","","15","1.0181626108705355","1.2957306153634016","0.6477428078651428","0.9474258422851562","0.1497759672274066"
"playful-sweep-477","","finished","-","","","2026-02-06T19:55:36.000Z","60","0q7pb3yf","2","256","0.3","false","150","gat","45","0.003698862734221312","","","","0.0001","","sgd","3","","","","","","","","","","","","","","","","","15","1.0009392152229946","","0.659773588180542","0.9853142499923706","0.14969598597647482"
"toasty-sweep-316","","finished","-","","","2026-02-06T18:01:29.000Z","31","0q7pb3yf","4","32","0.3","true","150","gat","21","0.00033050338208010454","","","","0.0001","","adam","3","","","","","","","","","","","","","","","","","15","1.0399947575023096","1.3092826613608528","0.6973629593849182","0.9479019045829772","0.14934871687699114"
"fast-sweep-852","","finished","-","","","2026-02-07T01:01:36.000Z","23","0q7pb3yf","8","64","0.5","true","50","gcn","37","0.00037385563808784166","","","","0.0001","","adam","1","","","","","","","","","","","","","","","","","15","1.1423619415170403","1.3493083364823286","0.6620005965232849","0.9482939839363098","0.14899686431554326"
"lemon-sweep-648","","finished","-","","","2026-02-06T22:17:54.000Z","19","0q7pb3yf","1","256","0","true","100","gcn","71","0.00014351059599403265","","","","0.0001","","adam","2","","","","","","","","","","","","","","","","","15","0.9653779591123264","1.3522420591778226","0.6654850244522095","0.9487050175666808","0.1486280049976082"
"dazzling-sweep-146","","finished","-","","","2026-02-06T15:53:35.000Z","61","0q7pb3yf","1","256","0.5","false","150","gat","124","0.003750747943204186","","","","0.0001","","sgd","3","","","","","","","","","","","","","","","","","15","1.0072157656153042","","0.6501307487487793","0.9869215488433838","0.1483088154587957"
"rich-sweep-412","","finished","-","","","2026-02-06T19:12:44.000Z","37","0q7pb3yf","4","32","0.3","false","50","gat","21","0.002748918319874712","","","","0.0001","","sgd","1","","","","","","","","","","","","","","","","","15","1.0175546327585816","","0.6524242162704468","0.9874120354652404","0.14788560164914144"
"generous-sweep-374","","finished","-","","","2026-02-06T18:47:24.000Z","14","0q7pb3yf","4","64","0.3","true","100","gcn","105","0.006143979089499484","","","","0.0001","","sgd","2","","","","","","","","","","","","","","","","","15","0.9784601897962631","1.3401194337536306","0.6279234886169434","0.9501769542694092","0.1473070514087328"
"radiant-sweep-1041","","finished","-","","","2026-02-07T03:25:03.000Z","53","0q7pb3yf","4","64","0","false","100","gat","9","0.00033271584995128945","","","","0.0001","","adam","3","","","","","","","","","","","","","","","","","15","1.0011212040660202","","0.6725892424583435","0.9884523153305054","0.14698783979792296"
"autumn-sweep-135","","finished","-","","","2026-02-06T15:45:02.000Z","16","0q7pb3yf","1","64","0","true","150","gat","87","0.0031347623665756693","","","","0.0001","","adam","3","","","","","","","","","","","","","","","","","15","1.0449382541000205","1.2910509407520294","0.6656408905982971","0.9508479833602904","0.14670481816805936"
"flowing-sweep-995","","finished","-","","","2026-02-07T02:47:03.000Z","20","0q7pb3yf","2","32","0","true","50","gat","111","0.0003169068217720857","","","","0.0001","","adam","1","","","","","","","","","","","","","","","","","15","1.003691944544033","1.3241105517920326","0.6512615084648132","0.9513694047927856","0.14623686887963272"
"colorful-sweep-253","","finished","-","","","2026-02-06T17:19:31.000Z","20","0q7pb3yf","1","256","0","false","50","gcn","114","0.003637272608508228","","","","0.0001","","sgd","3","","","","","","","","","","","","","","","","","15","1.0146473795175552","","0.7129759788513184","0.9893447160720824","0.14621772401435051"
"dainty-sweep-326","","finished","-","","","2026-02-06T18:07:34.000Z","19","0q7pb3yf","2","256","0","true","150","gcn","21","0.007100432953806147","","","","0.0001","","adam","1","","","","","","","","","","","","","","","","","15","0.914661002655824","1.4823224147160847","0.7086425423622131","0.9515811204910278","0.14604700478640598"
"daily-sweep-281","","finished","-","","","2026-02-06T17:39:37.000Z","19","0q7pb3yf","2","32","0.3","true","150","gcn","113","0.001615244444286172","","","","0.0001","","sgd","2","","","","","","","","","","","","","","","","","15","1.0089549435082303","1.309562961844837","0.6559998393058777","0.9519490003585817","0.1457168135865392"
"wobbly-sweep-512","","finished","-","","","2026-02-06T20:23:26.000Z","56","0q7pb3yf","4","128","0.3","false","50","gat","93","0.0001187741682336957","","","","0.0001","","adam","3","","","","","","","","","","","","","","","","","15","1.0773359486397276","","0.704893171787262","0.9901835322380066","0.14549390662221684"
"rich-sweep-1066","","finished","-","","","2026-02-07T03:48:19.000Z","13","0q7pb3yf","4","256","0.3","true","50","gcn","126","0.0004396751855930483","","","","0.0001","","adam","3","","","","","","","","","","","","","","","","","15","0.9624389087160428","1.3945975568559434","0.6152418255805969","0.9530442357063292","0.14473387614928013"
"polar-sweep-706","","finished","-","","","2026-02-06T23:04:54.000Z","22","0q7pb3yf","1","256","0.3","false","50","gat","117","0.00029236935829862504","","","","0.0001","","adam","2","","","","","","","","","","","","","","","","","15","1.1140841071804364","","0.7051661610603333","0.9913564324378968","0.1444816534328307"
"wandering-sweep-879","","finished","-","","","2026-02-07T01:20:52.000Z","16","0q7pb3yf","2","256","0","true","100","gcn","29","0.0005110904743183465","","","","0.0001","","adam","2","","","","","","","","","","","","","","","","","15","0.96389356503884","1.39195802476671","0.6414313316345215","0.9533345103263856","0.14447342523166884"
"pious-sweep-881","","finished","-","","","2026-02-07T01:21:41.000Z","82","0q7pb3yf","8","32","0.5","false","150","gcn","27","0.00023747308585123889","","","","0.0001","","sgd","2","","","","","","","","","","","","","","","","","15","1.0442408141429709","","0.6909528374671936","0.9917033314704896","0.14418227871325473"
"lunar-sweep-1053","","finished","-","","","2026-02-07T03:38:46.000Z","44","0q7pb3yf","8","256","0.5","false","150","gcn","100","0.0013338440274358232","","","","0.0001","","sgd","3","","","","","","","","","","","","","","","","","15","1.030867911875248","","0.6925775408744812","0.991735339164734","0.14415469839200334"
"spring-sweep-452","","finished","-","","","2026-02-06T19:37:01.000Z","70","0q7pb3yf","4","256","0","false","100","gat","65","0.0059405751751805125","","","","0.0001","","sgd","2","","","","","","","","","","","","","","","","","15","0.9710293859243392","","0.7515286803245544","0.9931215643882751","0.14295834423417209"
"fluent-sweep-150","","finished","-","","","2026-02-06T15:55:47.000Z","80","0q7pb3yf","1","32","0.3","false","150","gcn","26","0.00018546580700882047","","","","0.0001","","sgd","2","","","","","","","","","","","","","","","","","15","1.0374451642555576","","0.6902401447296143","0.993135392665863","0.1429464307701317"
"proud-sweep-456","","finished","-","","","2026-02-06T19:41:16.000Z","17","0q7pb3yf","1","256","0.5","true","100","gat","35","0.0028305814818705265","","","","0.0001","","adam","3","","","","","","","","","","","","","","","","","15","1.134445662299792","1.2835463682810466","0.6551305651664734","0.9559029936790466","0.14216848545736427"
"hardy-sweep-379","","finished","-","","","2026-02-06T18:49:14.000Z","29","0q7pb3yf","4","32","0.3","false","50","gcn","39","0.0004366453230864756","","","","0.0001","","sgd","1","","","","","","","","","","","","","","","","","15","1.0756318553961732","","0.6758765578269958","0.9941139817237854","0.14210194381576424"
"fast-sweep-474","","finished","-","","","2026-02-06T19:54:19.000Z","16","0q7pb3yf","1","128","0.5","true","50","gcn","105","0.00010664691912126949","","","","0.0001","","adam","3","","","","","","","","","","","","","","","","","15","1.0557994449392278","1.365123426212984","0.6692087650299072","0.956039011478424","0.14204642822989155"
"astral-sweep-796","","finished","-","","","2026-02-07T00:16:24.000Z","23","0q7pb3yf","1","64","0.5","true","50","gat","117","0.0095859621446972","","","","0.0001","","sgd","1","","","","","","","","","","","","","","","","","15","1.031858289754519","1.3057558028136982","0.645142138004303","0.9566659331321716","0.14148382437730445"
"golden-sweep-981","","finished","-","","","2026-02-07T02:38:22.000Z","16","0q7pb3yf","1","128","0","true","100","gcn","22","0.001717473573321583","","","","0.0001","","adam","2","","","","","","","","","","","","","","","","","15","0.9540276844450768","1.4176090745364918","0.6203811168670654","0.9567020535469056","0.1414514255000522"
"prime-sweep-657","","finished","-","","","2026-02-06T22:29:24.000Z","18","0q7pb3yf","4","32","0.3","true","50","gcn","18","0.008354351073398051","","","","0.0001","","adam","1","","","","","","","","","","","","","","","","","15","0.9454443649418892","1.3878984617836334","0.6615110635757446","0.9568679928779602","0.14130255629276656"
"whole-sweep-735","","finished","-","","","2026-02-06T23:28:23.000Z","76","0q7pb3yf","2","32","0.3","false","100","gat","97","0.00036365152656146174","","","","0.0001","","sgd","3","","","","","","","","","","","","","","","","","15","1.030176510093033","","0.6915811896324158","0.9951446056365968","0.14121264541748857"
"icy-sweep-1026","","finished","-","","","2026-02-07T03:10:58.000Z","14","0q7pb3yf","8","64","0","true","150","gcn","84","0.0031287561605467507","","","","0.0001","","sgd","1","","","","","","","","","","","","","","","","","15","0.999134523573742","1.3342757786021513","0.6667567491531372","0.9570564031600952","0.14113346438330332"
"sparkling-sweep-207","","finished","-","","","2026-02-06T16:39:29.000Z","37","0q7pb3yf","8","64","0","false","100","gcn","28","0.0006613877186566789","","","","0.0001","","sgd","1","","","","","","","","","","","","","","","","","15","1.0062456022026718","","0.6737959980964661","0.995350182056427","0.14103517656059517"
"woven-sweep-988","","finished","-","","","2026-02-07T02:41:59.000Z","20","0q7pb3yf","1","32","0.3","true","50","gat","115","0.005380440070234516","","","","0.0001","","adam","2","","","","","","","","","","","","","","","","","15","1.0801050110209374","1.3018401756006128","0.7091318368911743","0.95729798078537","0.14091655226456035"
"charmed-sweep-896","","finished","-","","","2026-02-07T01:37:47.000Z","57","0q7pb3yf","1","32","0.5","false","100","gcn","40","0.00017517023160154073","","","","0.0001","","sgd","2","","","","","","","","","","","","","","","","","15","1.0749199476934248","","0.6868277192115784","0.99651300907135","0.1400317001225494"
"icy-sweep-169","","finished","-","","","2026-02-06T16:10:27.000Z","26","0q7pb3yf","4","32","0.3","true","150","gcn","23","0.0002915312108947667","","","","0.0001","","adam","2","","","","","","","","","","","","","","","","","15","1.0608396940333868","1.3381899796864565","0.6421309113502502","0.958553910255432","0.13978956668520204"
"solar-sweep-911","","finished","-","","","2026-02-07T01:50:24.000Z","34","0q7pb3yf","4","32","0.5","true","50","gat","68","0.0004771821066287868","","","","0.0001","","adam","1","","","","","","","","","","","","","","","","","15","1.0234819897400436","1.4383719300522524","0.7275213003158569","0.958989679813385","0.13939849854033315"
"golden-sweep-425","","finished","-","","","2026-02-06T19:19:38.000Z","13","0q7pb3yf","1","64","0.5","true","50","gcn","66","0.0023464382323856474","","","","0.0001","","adam","3","","","","","","","","","","","","","","","","","15","0.9952564515093322","1.4182870405561785","0.6014872789382935","0.9591864347457886","0.1392219502777865"
"leafy-sweep-1051","","finished","-","","","2026-02-07T03:37:31.000Z","15","0q7pb3yf","8","128","0.3","true","50","gcn","89","0.00013891344711813302","","","","0.0001","","adam","2","","","","","","","","","","","","","","","","","15","1.028519110476717","1.3759054646772495","0.6527467966079712","0.9594931602478028","0.138946694983467"
"different-sweep-313","","finished","-","","","2026-02-06T17:59:29.000Z","14","0q7pb3yf","1","64","0","true","150","gcn","59","0.006110630222635858","","","","0.0001","","sgd","3","","","","","","","","","","","","","","","","","15","0.9727449849728615","1.3371060245177324","0.6453155875205994","0.959600031375885","0.13885078054269484"
"usual-sweep-502","","finished","-","","","2026-02-06T20:16:21.000Z","48","0q7pb3yf","2","256","0","false","100","gat","74","0.00044560137958162433","","","","0.0001","","adam","1","","","","","","","","","","","","","","","","","15","0.9630353425939878","","0.72589510679245","0.9982166290283204","0.13856157780389322"
"pretty-sweep-954","","finished","-","","","2026-02-07T02:18:22.000Z","15","0q7pb3yf","2","128","0","true","150","gcn","115","0.0037419329167127694","","","","0.0001","","sgd","2","","","","","","","","","","","","","","","","","15","0.9988869060861304","1.3203499737907858","0.6761988997459412","0.9599907994270324","0.13850005900427576"
"lunar-sweep-1064","","finished","-","","","2026-02-07T03:47:09.000Z","28","0q7pb3yf","2","256","0","false","100","gcn","25","0.002313120740056986","","","","0.0001","","sgd","2","","","","","","","","","","","","","","","","","15","0.9971857865651448","","0.6736255288124084","0.9985015988349916","0.13831557020940533"
"chocolate-sweep-984","","finished","-","","","2026-02-07T02:39:33.000Z","23","0q7pb3yf","2","32","0.5","true","50","gcn","114","0.00010366747155798118","","","","0.0001","","adam","2","","","","","","","","","","","","","","","","","15","1.0213334645314882","1.4004003160140093","0.7016409039497375","0.9605175256729126","0.13802739072554193"
"radiant-sweep-382","","finished","-","","","2026-02-06T18:50:37.000Z","24","0q7pb3yf","2","32","0.5","true","50","gat","103","0.0033370203419289288","","","","0.0001","","sgd","1","","","","","","","","","","","","","","","","","15","1.056912984258385","1.2862937340841574","0.6604770421981812","0.9605402946472168","0.13800693338602266"
"wobbly-sweep-802","","finished","-","","","2026-02-07T00:23:30.000Z","72","0q7pb3yf","4","128","0.5","false","100","gat","61","0.0009047774842694936","","","","0.0001","","adam","1","","","","","","","","","","","","","","","","","15","0.9390247920726208","","0.7909798622131348","0.9996028542518616","0.13736522894624126"
"crisp-sweep-747","","finished","-","","","2026-02-06T23:40:38.000Z","59","0q7pb3yf","1","32","0.3","false","100","gcn","112","0.00016641605806376632","","","","0.0001","","sgd","2","","","","","","","","","","","","","","","","","15","1.0452265524736015","","0.6801337599754333","0.9996590614318848","0.13731667400746594"
"frosty-sweep-461","","finished","-","","","2026-02-06T19:45:10.000Z","48","0q7pb3yf","1","64","0.5","false","100","gat","68","0.001760580638545109","","","","0.0001","","sgd","3","","","","","","","","","","","","","","","","","15","1.05193163887147","","0.6724116802215576","0.9997650980949402","0.13722525818578535"
"youthful-sweep-324","","finished","-","","","2026-02-06T18:06:02.000Z","63","0q7pb3yf","1","32","0.5","false","100","gcn","113","0.00019935509621494185","","","","0.0001","","sgd","1","","","","","","","","","","","","","","","","","15","1.0785912559718214","","0.6830700039863586","0.9997702836990356","0.13722067384305547"
"confused-sweep-99","","finished","-","","","2026-02-06T15:18:42.000Z","20","0q7pb3yf","1","128","0.5","true","50","gcn","61","0.00022352283143342892","","","","0.0001","","adam","2","","","","","","","","","","","","","","","","","15","1.1086324339217328","1.3524361042415394","0.6574127674102783","0.961517095565796","0.13713040383531705"
"leafy-sweep-118","","finished","-","","","2026-02-06T15:32:46.000Z","72","0q7pb3yf","8","32","0.5","true","150","gat","94","0.00047075630305203195","","","","0.0001","","adam","3","","","","","","","","","","","","","","","","","15","0.9540332139179272","1.6291308534495972","0.7627468705177307","0.9615415334701538","0.13710841822710773"
"sandy-sweep-636","","finished","-","","","2026-02-06T22:11:23.000Z","16","0q7pb3yf","4","256","0.5","false","50","gcn","77","0.00012549115317918275","","","","0.0001","","adam","2","","","","","","","","","","","","","","","","","15","1.1142985572417576","","0.6665170788764954","0.999922513961792","0.1370892635903589"
"desert-sweep-377","","finished","-","","","2026-02-06T18:48:35.000Z","12","0q7pb3yf","1","128","0","true","100","gcn","72","0.00798815785193726","","","","0.0001","","sgd","1","","","","","","","","","","","","","","","","","15","1.0012389814600031","1.3326038367608015","0.65381920337677","0.9623842239379884","0.136352183957835"
"generous-sweep-434","","finished","-","","","2026-02-06T19:25:32.000Z","12","0q7pb3yf","1","256","0.5","true","50","gat","115","0.004681926454050217","","","","0.0001","","adam","2","","","","","","","","","","","","","","","","","15","1.082101362446944","1.3156974050733778","0.6532756090164185","0.9626145958900452","0.13614552604406427"
"noble-sweep-230","","finished","-","","","2026-02-06T16:59:23.000Z","24","0q7pb3yf","2","256","0","false","100","gcn","31","0.0020491163868131593","","","","0.0001","","sgd","2","","","","","","","","","","","","","","","","","15","0.9985359857479732","","0.6818318367004395","1.001022458076477","0.13614014237086014"
"dutiful-sweep-943","","finished","-","","","2026-02-07T02:10:24.000Z","57","0q7pb3yf","8","64","0.5","true","100","gat","61","0.0030990357731520853","","","","0.0001","","sgd","2","","","","","","","","","","","","","","","","","15","1.0488356220465835","1.3107952177524569","0.6619524359703064","0.9628688097000122","0.13591730330373664"
"soft-sweep-951","","finished","-","","","2026-02-07T02:16:21.000Z","24","0q7pb3yf","1","32","0.5","true","50","gcn","85","0.001454589932776996","","","","0.0001","","sgd","2","","","","","","","","","","","","","","","","","15","1.0162097887005856","1.3251005305963404","0.6544336080551147","0.9629414677619934","0.1358521682291841"
"kind-sweep-332","","finished","-","","","2026-02-06T18:12:28.000Z","34","0q7pb3yf","2","32","0.3","false","50","gcn","9","0.00014234556239952113","","","","0.0001","","adam","3","","","","","","","","","","","","","","","","","15","1.1194961561310677","","0.6726521849632263","1.001416563987732","0.13579993686409875"
"dry-sweep-307","","finished","-","","","2026-02-06T17:57:00.000Z","15","0q7pb3yf","8","256","0.5","false","50","gcn","12","0.004268375197837758","","","","0.0001","","adam","1","","","","","","","","","","","","","","","","","15","1.009966529905796","","0.6444661021232605","1.0018534660339355","0.13542302974138798"
"clean-sweep-1077","","finished","-","","","2026-02-07T03:53:57.000Z","13","0q7pb3yf","4","128","0.5","true","100","gcn","102","0.007110583036344717","","","","0.0001","","sgd","2","","","","","","","","","","","","","","","","","15","1.0346733445816851","1.3346388795796562","0.6976442337036133","0.9636294841766356","0.13523477933594286"
"happy-sweep-209","","finished","-","","","2026-02-06T16:40:35.000Z","102","0q7pb3yf","4","32","0.3","false","150","gat","10","0.0003033593322291106","","","","0.0001","","sgd","2","","","","","","","","","","","","","","","","","15","1.0415978909179728","","0.6962945461273193","1.0024991035461426","0.1348658158433218"
"eager-sweep-282","","finished","-","","","2026-02-06T17:40:00.000Z","14","0q7pb3yf","1","256","0.5","true","150","gat","60","0.003826573125866878","","","","0.0001","","adam","2","","","","","","","","","","","","","","","","","15","1.0423594440023105","1.3094122674730089","0.6653338074684143","0.9641723036766052","0.13474758655666208"
"serene-sweep-538","","finished","-","","","2026-02-06T20:41:29.000Z","139","0q7pb3yf","2","32","0.5","false","150","gat","86","0.005830102922410117","","","","0.0001","","adam","3","","","","","","","","","","","","","","","","","15","0.9900060699832056","","0.6547054648399353","1.0026506185531616","0.13473505381305084"
"pleasant-sweep-275","","finished","-","","","2026-02-06T17:34:21.000Z","27","0q7pb3yf","1","256","0.3","false","100","gcn","66","0.0019277999806957672","","","","0.0001","","sgd","1","","","","","","","","","","","","","","","","","15","1.060474805533886","","0.6984459757804871","1.0030269622802734","0.1344103377284196"
"faithful-sweep-320","","finished","-","","","2026-02-06T18:03:35.000Z","16","0q7pb3yf","1","256","0.3","true","100","gat","75","0.004379701012529424","","","","0.0001","","adam","3","","","","","","","","","","","","","","","","","15","1.0681682700912158","1.3591617875629","0.6510909795761108","0.9647361040115356","0.13424161486909547"
"mild-sweep-440","","finished","-","","","2026-02-06T19:29:33.000Z","35","0q7pb3yf","8","64","0.3","false","50","gat","20","0.0013963206942948754","","","","0.0001","","sgd","3","","","","","","","","","","","","","","","","","15","1.0372856560573782","","0.6900961399078369","1.003365993499756","0.13411771030438735"
"distinctive-sweep-540","","finished","-","","","2026-02-06T20:46:04.000Z","23","0q7pb3yf","2","64","0.3","true","100","gat","54","0.0003878058811131861","","","","0.0001","","adam","2","","","","","","","","","","","","","","","","","15","1.0696408537126356","1.30843468448695","0.6905266046524048","0.9649041295051576","0.13409083102901986"
"driven-sweep-812","","finished","-","","","2026-02-07T00:30:13.000Z","19","0q7pb3yf","2","32","0.5","true","150","gcn","95","0.005271035855893798","","","","0.0001","","sgd","2","","","","","","","","","","","","","","","","","15","0.9797503147073972","1.3902452868573807","0.7170120477676392","0.964963674545288","0.1340374255462884"
"valiant-sweep-73","","finished","-","","","2026-02-06T14:57:12.000Z","22","0q7pb3yf","1","128","0.5","false","50","gat","101","0.0065129450607305265","","","","0.0001","","adam","1","","","","","","","","","","","","","","","","","15","1.0973152023680666","","0.6661717891693115","1.0037883520126345","0.13375323745343903"
"vital-sweep-138","","finished","-","","","2026-02-06T15:47:34.000Z","30","0q7pb3yf","4","64","0.3","true","100","gat","59","0.0029689200091975823","","","","0.0001","","sgd","1","","","","","","","","","","","","","","","","","15","1.0617962630205258","1.3084497995236342","0.6944011449813843","0.9659165740013124","0.13318228111844888"
"wise-sweep-211","","finished","-","","","2026-02-06T16:43:38.000Z","17","0q7pb3yf","2","128","0","true","50","gat","81","0.0004116029981858381","","","","0.0001","","adam","3","","","","","","","","","","","","","","","","","15","1.031053087812789","1.3336744238348568","0.671746551990509","0.9660211801528932","0.13308832531107828"
"clear-sweep-407","","finished","-","","","2026-02-06T19:07:29.000Z","118","0q7pb3yf","4","256","0.5","false","150","gat","71","0.00021080757495778717","","","","0.0001","","adam","1","","","","","","","","","","","","","","","","","15","1.0145313541094465","","0.754137396812439","1.0046186447143557","0.13303674533791454"
"avid-sweep-631","","finished","-","","","2026-02-06T22:07:30.000Z","62","0q7pb3yf","2","32","0.3","false","100","gcn","91","0.000171788466774367","","","","0.0001","","sgd","2","","","","","","","","","","","","","","","","","15","1.0629129925722718","","0.6904154419898987","1.0048582553863523","0.1328299105357863"
"deep-sweep-609","","finished","-","","","2026-02-06T21:44:04.000Z","44","0q7pb3yf","1","256","0","false","150","gat","57","0.00026253341320685585","","","","0.0001","","adam","2","","","","","","","","","","","","","","","","","15","1.014567921559016","","0.6870076060295105","1.0048887729644775","0.13280363691254993"
"honest-sweep-272","","finished","-","","","2026-02-06T17:31:27.000Z","20","0q7pb3yf","1","32","0.3","true","150","gat","111","0.0021782909024074984","","","","0.0001","","adam","1","","","","","","","","","","","","","","","","","15","1.0503174266828004","1.4173893008161993","0.6431270241737366","0.966491162776947","0.13266662932360718"
"stellar-sweep-308","","finished","-","","","2026-02-06T17:57:17.000Z","27","0q7pb3yf","1","256","0.5","true","100","gat","128","0.0004925818814919336","","","","0.0001","","adam","2","","","","","","","","","","","","","","","","","15","1.0988635594646137","1.2967343197928534","0.7137122750282288","0.966651201248169","0.13252305433204004"
"dauntless-sweep-902","","finished","-","","","2026-02-07T01:45:24.000Z","31","0q7pb3yf","4","32","0","true","100","gat","76","0.000220727627451856","","","","0.0001","","adam","2","","","","","","","","","","","","","","","","","15","0.994253258791662","1.3788533789270063","0.7244837880134583","0.9667245745658876","0.13245717820343195"
"gentle-sweep-600","","finished","-","","","2026-02-06T21:37:01.000Z","21","0q7pb3yf","2","32","0","true","150","gcn","116","0.0008446492414608454","","","","0.0001","","adam","3","","","","","","","","","","","","","","","","","15","0.8478315681299214","1.5422705289195566","0.606151819229126","0.9668838381767272","0.1323142644830818"
"curious-sweep-396","","finished","-","","","2026-02-06T19:00:56.000Z","14","0q7pb3yf","2","128","0.5","true","50","gcn","105","0.00015958514557372016","","","","0.0001","","adam","3","","","","","","","","","","","","","","","","","15","1.0480642470907655","1.3672396260149338","0.6521524786949158","0.9674507975578308","0.13180547648852892"
"lilac-sweep-885","","finished","-","","","2026-02-07T01:25:55.000Z","25","0q7pb3yf","1","64","0.5","true","50","gcn","21","0.0001829013778770016","","","","0.0001","","adam","3","","","","","","","","","","","","","","","","","15","1.2002060253133056","1.3153001788784475","0.6620679497718811","0.9675567746162416","0.13171032918910952"
"astral-sweep-971","","finished","-","","","2026-02-07T02:31:46.000Z","19","0q7pb3yf","4","64","0.5","true","150","gat","22","0.000730737467929372","","","","0.0001","","adam","3","","","","","","","","","","","","","","","","","15","1.1175189162454298","1.300638009520138","0.7141350507736206","0.9678280353546144","0.13146691046194403"
"visionary-sweep-638","","finished","-","","","2026-02-06T22:12:44.000Z","21","0q7pb3yf","4","64","0.5","true","150","gat","49","0.007091095479194346","","","","0.0001","","sgd","1","","","","","","","","","","","","","","","","","15","1.0434572514026397","1.3095762238782995","0.6734324097633362","0.9680731892585754","0.13124695741746928"
"glad-sweep-853","","finished","-","","","2026-02-07T01:02:04.000Z","26","0q7pb3yf","1","64","0.5","false","50","gat","109","0.002819162130847824","","","","0.0001","","sgd","1","","","","","","","","","","","","","","","","","15","1.0721537877795515","","0.7075725197792053","1.0071394443511963","0.13086126531152964"
"lively-sweep-596","","finished","-","","","2026-02-06T21:35:22.000Z","26","0q7pb3yf","2","256","0","false","100","gcn","76","0.0014839105546756671","","","","0.0001","","sgd","2","","","","","","","","","","","","","","","","","15","1.0197880268096924","","0.6960130333900452","1.0073256492614746","0.13070060334320122"
"easy-sweep-676","","finished","-","","","2026-02-06T22:40:54.000Z","17","0q7pb3yf","2","128","0.5","true","150","gat","13","0.00972226749533995","","","","0.0001","","adam","1","","","","","","","","","","","","","","","","","15","1.0665785480052867","1.3070682707954857","0.6598140597343445","0.9687272310256958","0.13065997466963877"
"stilted-sweep-942","","finished","-","","","2026-02-07T02:09:57.000Z","23","0q7pb3yf","2","128","0.5","false","50","gat","93","0.0032164905297714323","","","","0.0001","","sgd","2","","","","","","","","","","","","","","","","","15","1.051100670023167","","0.6725072860717773","1.0077941417694092","0.1302963140742177"
"lemon-sweep-60","","finished","-","","","2026-02-06T14:46:55.000Z","19","0q7pb3yf","1","32","0","true","50","gat","106","0.00039359129072939135","","","","0.0001","","adam","2","","","","","","","","","","","","","","","","","15","1.0231137567309925","1.278490469297942","0.6746484041213989","0.9692115187644958","0.13022531259701875"
"charmed-sweep-416","","finished","-","","","2026-02-06T19:15:51.000Z","21","0q7pb3yf","4","256","0.5","true","100","gcn","67","0.0001776625281956664","","","","0.0001","","adam","2","","","","","","","","","","","","","","","","","15","1.0979355052113533","1.3607492314444647","0.6616038084030151","0.9704492092132568","0.12911459137238623"
"different-sweep-131","","finished","-","","","2026-02-06T15:42:39.000Z","13","0q7pb3yf","8","128","0","true","150","gcn","111","0.008279702233627527","","","","0.0001","","sgd","2","","","","","","","","","","","","","","","","","15","0.9692508286618172","1.3967557023553288","0.7252956628799438","0.9708149433135986","0.128786386616203"
"divine-sweep-411","","finished","-","","","2026-02-06T19:12:06.000Z","34","0q7pb3yf","8","128","0.5","false","50","gat","25","0.0021308478180103486","","","","0.0001","","sgd","3","","","","","","","","","","","","","","","","","15","1.061458483655402","","0.6862386465072632","1.009664535522461","0.12868211166507082"
"dazzling-sweep-1","","finished","-","","","2026-02-06T13:54:41.000Z","28","0q7pb3yf","1","64","0.5","false","50","gat","34","0.007915072218269554","","","","0.0001","","sgd","2","","","","","","","","","","","","","","","","","15","1.0423527763735865","","0.7328431606292725","1.009711742401123","0.1286414316654786"
"frosty-sweep-1017","","finished","-","","","2026-02-07T03:03:03.000Z","44","0q7pb3yf","1","256","0.3","false","150","gat","46","0.0050881506286198","","","","0.0001","","sgd","1","","","","","","","","","","","","","","","","","15","1.0444474120934804","","0.7188659310340881","1.0099011659622192","0.12847801323978714"
"neat-sweep-457","","finished","-","","","2026-02-06T19:41:38.000Z","13","0q7pb3yf","4","64","0","true","100","gcn","36","0.007325958614415169","","","","0.0001","","sgd","1","","","","","","","","","","","","","","","","","15","0.9817281916577328","1.3428062481038712","0.6387829184532166","0.9712260961532592","0.128417475229333"
"misunderstood-sweep-645","","finished","-","","","2026-02-06T22:15:45.000Z","23","0q7pb3yf","4","32","0","true","100","gat","55","0.0014478645362552035","","","","0.0001","","adam","2","","","","","","","","","","","","","","","","","15","0.8870451402279639","1.611318439245224","0.7637878060340881","0.9716463685035706","0.1280402890313892"
"bumbling-sweep-622","","finished","-","","","2026-02-06T21:58:47.000Z","26","0q7pb3yf","8","256","0.3","false","100","gcn","10","0.0018269817914271264","","","","0.0001","","sgd","1","","","","","","","","","","","","","","","","","15","1.0967004547516506","","0.6935162544250488","1.0105786323547363","0.12789336246939176"
"likely-sweep-788","","finished","-","","","2026-02-07T00:08:17.000Z","20","0q7pb3yf","4","128","0.3","true","150","gcn","11","0.000857411225295524","","","","0.0001","","adam","1","","","","","","","","","","","","","","","","","15","1.265187812612412","1.3486296183922712","0.6856210231781006","0.9718796014785768","0.12783097551545464"
"vibrant-sweep-688","","finished","-","","","2026-02-06T22:52:12.000Z","17","0q7pb3yf","8","64","0.5","true","100","gcn","61","0.002658720944280532","","","","0.0001","","sgd","1","","","","","","","","","","","","","","","","","15","1.068642105466576","1.3116292164606207","0.6951720714569092","0.9721348881721495","0.1276019194800142"
"dry-sweep-508","","finished","-","","","2026-02-06T20:19:59.000Z","46","0q7pb3yf","1","128","0","false","150","gat","11","0.0022757833728041456","","","","0.0001","","sgd","3","","","","","","","","","","","","","","","","","15","1.011585070731792","","0.6830407977104187","1.011125564575195","0.12742139369087258"
"sandy-sweep-1061","","finished","-","","","2026-02-07T03:44:27.000Z","15","0q7pb3yf","2","64","0.3","true","150","gat","64","0.0004851990053467384","","","","0.0001","","adam","3","","","","","","","","","","","","","","","","","15","1.0820602406096715","1.39594146083383","0.7309964299201965","0.9724575281143188","0.12731238898631614"
"rare-sweep-1002","","finished","-","","","2026-02-07T02:51:41.000Z","19","0q7pb3yf","4","128","0.3","true","150","gcn","31","0.0002936878687870978","","","","0.0001","","adam","3","","","","","","","","","","","","","","","","","15","1.0315502729821713","1.3642121272928571","0.6397742629051208","0.9729632139205932","0.12685858152230212"
"light-sweep-254","","finished","-","","","2026-02-06T17:19:53.000Z","19","0q7pb3yf","4","128","0.5","false","50","gcn","67","0.0019279094195765144","","","","0.0001","","sgd","3","","","","","","","","","","","","","","","","","15","1.0461587436655737","","0.678014874458313","1.0119284391403198","0.12672840047819822"
"young-sweep-472","","finished","-","","","2026-02-06T19:53:07.000Z","19","0q7pb3yf","2","32","0.5","true","150","gat","36","0.004131967687255104","","","","0.0001","","sgd","3","","","","","","","","","","","","","","","","","15","1.0427311937655173","1.3080928124049132","0.6609546542167664","0.9733476638793944","0.1265136576149547"
"copper-sweep-934","","finished","-","","","2026-02-07T02:06:29.000Z","19","0q7pb3yf","1","64","0","true","50","gcn","98","0.0028427637825598983","","","","0.0001","","sgd","2","","","","","","","","","","","","","","","","","15","0.9847558124731944","1.3299068159916825","0.6474331021308899","0.9734874367713928","0.1263881784875287"
"leafy-sweep-433","","finished","-","","","2026-02-06T19:25:10.000Z","20","0q7pb3yf","1","32","0.5","true","150","gcn","81","0.0011065638640136524","","","","0.0001","","sgd","2","","","","","","","","","","","","","","","","","15","1.0345346890790488","1.2870102432720802","0.6691908240318298","0.9737116098403932","0.12618684506166167"
"woven-sweep-40","","finished","-","","","2026-02-06T14:28:52.000Z","56","0q7pb3yf","2","64","0.5","false","100","gat","53","0.0072066094989282755","","","","0.0001","","adam","1","","","","","","","","","","","","","","","","","15","1.059283866677233","","0.6676866412162781","1.0125625133514404","0.12618136831369609"
"iconic-sweep-1073","","finished","-","","","2026-02-07T03:52:40.000Z","19","0q7pb3yf","8","256","0.5","true","100","gcn","76","0.00023717889680066465","","","","0.0001","","adam","3","","","","","","","","","","","","","","","","","15","1.0805768991510074","1.3694870207044814","0.6503015756607056","0.9738836884498596","0.12603247710686882"
"misty-sweep-188","","finished","-","","","2026-02-06T16:23:42.000Z","40","0q7pb3yf","8","32","0.5","true","50","gat","11","0.0012851514943483847","","","","0.0001","","sgd","2","","","","","","","","","","","","","","","","","15","1.062705805545212","1.2572318512727232","0.6667490601539612","0.9739608764648438","0.1259632793106208"
"rosy-sweep-535","","finished","-","","","2026-02-06T20:39:36.000Z","32","0q7pb3yf","1","128","0.3","false","100","gcn","12","0.0014016357969605416","","","","0.0001","","sgd","2","","","","","","","","","","","","","","","","","15","1.0461411679044683","","0.6732150912284851","1.0132914781570437","0.12555224560161993"
"earnest-sweep-910","","finished","-","","","2026-02-07T01:50:07.000Z","11","0q7pb3yf","4","128","0.5","true","50","gcn","68","0.0014586505501780888","","","","0.0001","","adam","3","","","","","","","","","","","","","","","","","15","0.9905231518948332","1.4504057309206797","0.6136975288391113","0.97450590133667","0.12547419219650335"
"rare-sweep-1097","","finished","-","","","2026-02-07T04:09:38.000Z","24","0q7pb3yf","1","128","0.3","true","50","gat","106","0.00016635959297903129","","","","0.0001","","adam","2","","","","","","","","","","","","","","","","","15","1.1049785715468383","1.319158483954037","0.686988353729248","0.975357174873352","0.124710245822369"
"vague-sweep-298","","finished","-","","","2026-02-06T17:53:04.000Z","19","0q7pb3yf","2","128","0.5","false","50","gcn","71","0.0015002526204407113","","","","0.0001","","sgd","3","","","","","","","","","","","","","","","","","15","1.0562462844747178","","0.6978065371513367","1.0142698287963867","0.12470795874632036"
"crimson-sweep-814","","finished","-","","","2026-02-07T00:31:07.000Z","50","0q7pb3yf","4","32","0.3","true","50","gat","107","0.0007858199465439922","","","","0.0001","","sgd","2","","","","","","","","","","","","","","","","","15","1.048143036102736","1.2968555956202394","0.6635215282440186","0.975383758544922","0.12468633516178208"
"wandering-sweep-578","","finished","-","","","2026-02-06T21:23:19.000Z","18","0q7pb3yf","8","64","0.3","true","50","gcn","80","0.0016756259721976753","","","","0.0001","","adam","1","","","","","","","","","","","","","","","","","15","0.9516199574034702","1.5054222222636728","0.7442272901535034","0.975444495677948","0.12463187331773208"
"earnest-sweep-289","","finished","-","","","2026-02-06T17:44:17.000Z","23","0q7pb3yf","2","128","0.3","true","150","gat","14","0.001910538997170328","","","","0.0001","","adam","3","","","","","","","","","","","","","","","","","15","1.081116829780822","1.2947341799736023","0.6766935586929321","0.9755007028579712","0.12458139208569884"
"magic-sweep-102","","finished","-","","","2026-02-06T15:21:52.000Z","47","0q7pb3yf","1","64","0","false","100","gat","34","0.0014564813728407862","","","","0.0001","","sgd","2","","","","","","","","","","","","","","","","","15","1.004332733731116","","0.6833049654960632","1.0146920680999756","0.12434355479072023"
"youthful-sweep-632","","finished","-","","","2026-02-06T22:08:35.000Z","30","0q7pb3yf","2","32","0.3","true","100","gat","77","0.003587830445517222","","","","0.0001","","sgd","1","","","","","","","","","","","","","","","","","15","1.0176720149734968","1.3766432448345072","0.750493586063385","0.9758034348487854","0.12430975799500445"
"fine-sweep-499","","finished","-","","","2026-02-06T20:12:44.000Z","14","0q7pb3yf","2","128","0.3","true","50","gcn","44","0.004839410788657429","","","","0.0001","","sgd","1","","","","","","","","","","","","","","","","","15","1.0426673711614405","1.3217286572736853","0.7061953544616699","0.9761327505111694","0.12401423531139089"
"devout-sweep-252","","finished","-","","","2026-02-06T17:19:03.000Z","21","0q7pb3yf","2","64","0","true","100","gcn","61","0.0022172923737501142","","","","0.0001","","sgd","1","","","","","","","","","","","","","","","","","15","1.0077364188368605","1.3165822449852438","0.6773961782455444","0.9765410423278807","0.12364784364513082"
"sparkling-sweep-722","","finished","-","","","2026-02-06T23:16:40.000Z","18","0q7pb3yf","2","256","0.5","true","100","gcn","53","0.00024521125311058794","","","","0.0001","","adam","3","","","","","","","","","","","","","","","","","15","1.0951706146200495","1.4027038547727797","0.6474777460098267","0.976575255393982","0.12361713333755088"
"woven-sweep-216","","finished","-","","","2026-02-06T16:45:56.000Z","30","0q7pb3yf","8","256","0.3","true","150","gat","34","0.006337346560067359","","","","0.0001","","sgd","2","","","","","","","","","","","","","","","","","15","1.118154672284921","1.3356691598892212","0.6896005272865295","0.9767374396324158","0.12347158161564886"
"earthy-sweep-389","","finished","-","","","2026-02-06T18:55:33.000Z","15","0q7pb3yf","1","256","0.5","true","150","gat","64","0.001027134888983981","","","","0.0001","","adam","3","","","","","","","","","","","","","","","","","15","1.10958394408226","1.2541738881005182","0.6880856156349182","0.9771082997322084","0.12313877683129848"
"rural-sweep-785","","finished","-","","","2026-02-07T00:06:50.000Z","17","0q7pb3yf","1","256","0.3","true","100","gat","109","0.004505053242047428","","","","0.0001","","adam","2","","","","","","","","","","","","","","","","","15","1.1075896148880322","1.432266314824422","0.7483538389205933","0.9773828983306884","0.12289237732639093"
"skilled-sweep-1016","","finished","-","","","2026-02-07T03:02:19.000Z","43","0q7pb3yf","8","64","0.3","true","150","gat","29","0.0019899297823270374","","","","0.0001","","sgd","2","","","","","","","","","","","","","","","","","15","1.0770823462035066","1.3045582420685713","0.6953511834144592","0.9774843454360962","0.12280133026577544"
"breezy-sweep-829","","finished","-","","","2026-02-07T00:41:10.000Z","77","0q7pb3yf","8","128","0.3","true","150","gat","88","0.00021435674176311156","","","","0.0001","","adam","1","","","","","","","","","","","","","","","","","15","1.0863125755431804","1.3706515887204338","0.7234228849411011","0.9778000116348268","0.12251800206492812"
"likely-sweep-57","","finished","-","","","2026-02-06T14:44:33.000Z","15","0q7pb3yf","2","128","0.3","true","50","gcn","103","0.003409193102433159","","","","0.0001","","sgd","1","","","","","","","","","","","","","","","","","15","1.0499644615548722","1.3208957033998825","0.6942366361618042","0.97780042886734","0.1225176575050867"
"vibrant-sweep-568","","finished","-","","","2026-02-06T21:14:23.000Z","22","0q7pb3yf","2","128","0","false","50","gat","27","0.005768750958945698","","","","0.0001","","adam","2","","","","","","","","","","","","","","","","","15","0.9147573772897112","","0.7596068382263184","1.017129898071289","0.12223974650002634"
"twilight-sweep-302","","finished","-","","","2026-02-06T17:54:37.000Z","14","0q7pb3yf","8","64","0","true","50","gcn","43","0.0036126838873669774","","","","0.0001","","sgd","1","","","","","","","","","","","","","","","","","15","0.9909106797428542","1.3450152646092808","0.6463441252708435","0.9782477617263794","0.12211614805660832"
"treasured-sweep-1069","","finished","-","","","2026-02-07T03:49:52.000Z","35","0q7pb3yf","1","128","0.5","false","100","gat","28","0.0030113312664460244","","","","0.0001","","sgd","3","","","","","","","","","","","","","","","","","15","1.0780090436022332","","0.7060225009918213","1.0183241367340088","0.12120920311090932"
"hopeful-sweep-33","","finished","-","","","2026-02-06T14:20:47.000Z","144","0q7pb3yf","8","64","0.3","false","150","gat","42","0.0003629546138419867","","","","0.0001","","sgd","2","","","","","","","","","","","","","","","","","15","1.0855624570000555","","0.7117053270339966","1.0185259580612185","0.12103497066026504"
"sleek-sweep-737","","finished","-","","","2026-02-06T23:31:25.000Z","43","0q7pb3yf","2","32","0.5","true","100","gat","73","0.0008240378896837765","","","","0.0001","","sgd","2","","","","","","","","","","","","","","","","","15","1.0624296667595063","1.2717824389829355","0.6780528426170349","0.97963285446167","0.12087323604097688"
"hardy-sweep-689","","finished","-","","","2026-02-06T22:52:34.000Z","31","0q7pb3yf","4","256","0","false","100","gcn","82","0.0012525255223780937","","","","0.0001","","sgd","3","","","","","","","","","","","","","","","","","15","1.0195160036285718","","0.6926090121269226","1.0197832584381104","0.119949915975345"
"sweet-sweep-635","","finished","-","","","2026-02-06T22:10:23.000Z","55","0q7pb3yf","4","128","0.5","false","150","gat","14","0.0006343831704437903","","","","0.0001","","sgd","2","","","","","","","","","","","","","","","","","15","1.083892690374496","","0.6934239864349365","1.0200897455215454","0.11968553993766896"
"earnest-sweep-587","","finished","-","","","2026-02-06T21:28:57.000Z","21","0q7pb3yf","1","64","0.5","true","100","gat","115","0.002044319403929129","","","","0.0001","","adam","1","","","","","","","","","","","","","","","","","15","1.0732779015776932","1.4372508297948277","0.7236707806587219","0.9809688925743104","0.11967425837591028"
"dainty-sweep-979","","finished","-","","","2026-02-07T02:36:29.000Z","20","0q7pb3yf","8","32","0.3","true","50","gcn","105","0.0008959507373446684","","","","0.0001","","adam","1","","","","","","","","","","","","","","","","","15","0.92251897595262","1.4944600752171349","0.6192303895950317","0.9811208844184875","0.1195378007558271"
"laced-sweep-192","","finished","-","","","2026-02-06T16:26:52.000Z","49","0q7pb3yf","8","128","0","true","100","gat","53","0.0032324576017933315","","","","0.0001","","sgd","1","","","","","","","","","","","","","","","","","15","1.0246673644857205","1.3590623350704418","0.6525914669036865","0.9813203811645508","0.1193588945371018"
"vibrant-sweep-513","","finished","-","","","2026-02-06T20:24:25.000Z","32","0q7pb3yf","4","64","0.5","false","50","gat","54","0.0003586078110390454","","","","0.0001","","adam","1","","","","","","","","","","","","","","","","","15","1.0051721571594157","","0.7784794569015503","1.0208085775375366","0.11906523481721376"
"charmed-sweep-938","","finished","-","","","2026-02-07T02:07:57.000Z","15","0q7pb3yf","8","64","0","true","50","gcn","59","0.0026592084802414535","","","","0.0001","","sgd","3","","","","","","","","","","","","","","","","","15","1.0046167399293633","1.3012142496950485","0.6662663221359253","0.9819692373275756","0.11877650169606346"
"different-sweep-141","","finished","-","","","2026-02-06T15:48:47.000Z","58","0q7pb3yf","2","64","0","false","150","gcn","71","0.0002177838276527163","","","","0.0001","","sgd","3","","","","","","","","","","","","","","","","","15","1.0409822505648418","","0.6978670358657837","1.0212446451187134","0.11868883334123848"
"genial-sweep-488","","finished","-","","","2026-02-06T20:06:42.000Z","20","0q7pb3yf","2","32","0.3","true","50","gat","31","0.0028792628025772742","","","","0.0001","","sgd","3","","","","","","","","","","","","","","","","","15","1.025574649133349","1.271097627632758","0.6610941886901855","0.9824385643005372","0.1183554351833498"
"divine-sweep-900","","finished","-","","","2026-02-07T01:43:15.000Z","25","0q7pb3yf","1","256","0","false","100","gcn","14","0.0024155879516434037","","","","0.0001","","sgd","1","","","","","","","","","","","","","","","","","15","1.031181233624617","","0.6881394982337952","1.0217019319534302","0.11829427876831068"
"silvery-sweep-554","","finished","-","","","2026-02-06T21:04:04.000Z","21","0q7pb3yf","1","128","0","true","150","gcn","42","0.0029066483931072277","","","","0.0001","","sgd","2","","","","","","","","","","","","","","","","","15","1.0169814571421196","1.2928562795414644","0.6866726875305176","0.9829320907592772","0.11791243816265262"
"likely-sweep-13","","finished","-","","","2026-02-06T14:05:44.000Z","15","0q7pb3yf","2","128","0.5","true","150","gat","19","0.0028668747772716964","","","","0.0001","","adam","1","","","","","","","","","","","","","","","","","15","1.1924183241864468","1.3196401596069336","0.7087199687957764","0.9831366539001464","0.11772880008991092"
"spring-sweep-306","","finished","-","","","2026-02-06T17:56:33.000Z","24","0q7pb3yf","4","64","0.5","true","150","gat","107","0.0004950489209025462","","","","0.0001","","adam","3","","","","","","","","","","","","","","","","","15","1.082456406406177","1.4216187964467442","0.7485873103141785","0.9832984805107116","0.11758372698054452"
"resilient-sweep-8","","finished","-","","","2026-02-06T14:01:19.000Z","24","0q7pb3yf","1","64","0.5","true","150","gat","85","0.0040573261654493955","","","","0.0001","","sgd","1","","","","","","","","","","","","","","","","","15","1.0739754723605288","1.2680646759622238","0.7010854482650757","0.9835099577903748","0.11739387883402974"
"worldly-sweep-201","","finished","-","","","2026-02-06T16:35:07.000Z","78","0q7pb3yf","8","64","0.5","true","50","gat","120","0.0034248479079212538","","","","0.0001","","sgd","1","","","","","","","","","","","","","","","","","15","1.099637218380487","1.3067013481084038","0.6598965525627136","0.9838809370994568","0.11706092476623996"
"cerulean-sweep-504","","finished","-","","","2026-02-06T20:18:04.000Z","13","0q7pb3yf","8","128","0.3","true","100","gcn","87","0.004655778801652897","","","","0.0001","","sgd","3","","","","","","","","","","","","","","","","","15","1.0237127238131585","1.292583770611707","0.6620495915412903","0.9844670295715332","0.11653499599410244"
"clean-sweep-597","","finished","-","","","2026-02-06T21:35:50.000Z","13","0q7pb3yf","8","256","0.3","true","50","gcn","36","0.000969606875153284","","","","0.0001","","adam","1","","","","","","","","","","","","","","","","","15","1.0476890231172244","1.387930260764228","0.6417942643165588","0.9846140146255492","0.1164030425669138"
"golden-sweep-486","","finished","-","","","2026-02-06T20:04:22.000Z","39","0q7pb3yf","8","128","0.3","true","100","gat","24","0.0027919752552673445","","","","0.0001","","sgd","2","","","","","","","","","","","","","","","","","15","1.0698992698750598","1.299545053173514","0.6974247097969055","0.9846326112747192","0.11638637086883984"
"fiery-sweep-891","","finished","-","","","2026-02-07T01:31:46.000Z","71","0q7pb3yf","8","32","0.5","true","150","gat","117","0.0011462195062896814","","","","0.0001","","sgd","2","","","","","","","","","","","","","","","","","15","1.041803074459876","1.3147480365108042","0.6461033225059509","0.9847268462181092","0.11630183562258978"
"celestial-sweep-1006","","finished","-","","","2026-02-07T02:55:33.000Z","57","0q7pb3yf","4","128","0.5","false","50","gat","103","0.002276706089154513","","","","0.0001","","sgd","2","","","","","","","","","","","","","","","","","15","1.094963900586392","","0.6980029344558716","1.0243884325027466","0.115975808086362"
"fancy-sweep-653","","finished","-","","","2026-02-06T22:24:06.000Z","81","0q7pb3yf","8","256","0","false","50","gat","97","0.00041262598282735695","","","","0.0001","","adam","2","","","","","","","","","","","","","","","","","15","0.9182082836826644","","0.7936450839042664","1.0244077444076538","0.11595917121043608"
"fresh-sweep-107","","finished","-","","","2026-02-06T15:24:32.000Z","32","0q7pb3yf","2","64","0.3","true","100","gat","43","0.0007141356093953252","","","","0.0001","","sgd","3","","","","","","","","","","","","","","","","","15","1.083389216212816","1.2716053110711716","0.6901156902313232","0.9852524995803832","0.11583011453061144"
"splendid-sweep-738","","finished","-","","","2026-02-06T23:32:09.000Z","16","0q7pb3yf","1","64","0","true","100","gcn","107","0.002890938638792448","","","","0.0001","","sgd","1","","","","","","","","","","","","","","","","","15","0.9779458116459592","1.363582367406172","0.6405442357063293","0.985767126083374","0.11536835624408837"
"snowy-sweep-363","","finished","-","","","2026-02-06T18:40:27.000Z","18","0q7pb3yf","1","64","0.3","true","50","gat","18","0.005295017739394421","","","","0.0001","","sgd","2","","","","","","","","","","","","","","","","","15","1.0482593156317228","1.2877602734986473","0.6990472078323364","0.9861258864402772","0.11504635368251637"
"vital-sweep-162","","finished","-","","","2026-02-06T16:03:46.000Z","31","0q7pb3yf","4","32","0.3","true","50","gat","49","0.0015522512692661404","","","","0.0001","","sgd","2","","","","","","","","","","","","","","","","","15","1.0572048130855765","1.2872182608527296","0.6682948470115662","0.9866731762886048","0.114555148896183"
"distinctive-sweep-557","","finished","-","","","2026-02-06T21:07:51.000Z","29","0q7pb3yf","1","256","0.5","false","100","gat","12","0.005527884074085429","","","","0.0001","","sgd","2","","","","","","","","","","","","","","","","","15","1.095859244465828","","0.6945816874504089","1.026565670967102","0.11409688110268544"
"peachy-sweep-542","","finished","-","","","2026-02-06T20:47:09.000Z","91","0q7pb3yf","8","128","0.3","true","150","gat","109","0.00020198589759522055","","","","0.0001","","adam","1","","","","","","","","","","","","","","","","","15","1.0642312143711334","1.3855151709388285","0.7405369877815247","0.9872766733169556","0.11401362035615924"
"peach-sweep-1049","","finished","-","","","2026-02-07T03:36:20.000Z","22","0q7pb3yf","1","32","0.3","true","100","gat","26","0.002870514547590831","","","","0.0001","","sgd","2","","","","","","","","","","","","","","","","","15","1.0569028191028105","1.27005516343257","0.7062929272651672","0.9876319766044616","0.11369472955527382"
"driven-sweep-97","","finished","-","","","2026-02-06T15:17:10.000Z","38","0q7pb3yf","2","128","0","false","100","gat","9","0.00015043822409242978","","","","0.0001","","adam","2","","","","","","","","","","","","","","","","","15","1.0477207772275234","","0.6936416625976562","1.027147650718689","0.11359468226465674"
"prime-sweep-347","","finished","-","","","2026-02-06T18:23:46.000Z","39","0q7pb3yf","2","32","0.3","true","50","gat","60","0.00010165452565024432","","","","0.0001","","adam","1","","","","","","","","","","","","","","","","","15","1.1541205615766588","1.320525468272321","0.704556941986084","0.9880104660987854","0.11335508197791966"
"rare-sweep-459","","finished","-","","","2026-02-06T19:42:43.000Z","21","0q7pb3yf","1","256","0.3","true","150","gcn","70","0.005348705209198694","","","","0.0001","","sgd","3","","","","","","","","","","","","","","","","","15","1.0533724501729012","1.2863183816274006","0.703464150428772","0.9883005023002625","0.11309486976871196"
"sandy-sweep-148","","finished","-","","","2026-02-06T15:55:02.000Z","15","0q7pb3yf","2","128","0.3","true","100","gcn","61","0.005414783849746224","","","","0.0001","","sgd","1","","","","","","","","","","","","","","","","","15","1.0202042041940893","1.3305080743396984","0.6484076976776123","0.9885582327842712","0.11286355045612928"
"playful-sweep-921","","finished","-","","","2026-02-07T01:56:17.000Z","40","0q7pb3yf","4","64","0.3","true","100","gat","121","0.00012201383356110088","","","","0.0001","","adam","1","","","","","","","","","","","","","","","","","15","1.0997265830475798","1.359577138634289","0.7314901947975159","0.9886844754219056","0.11275027074801848"
"volcanic-sweep-454","","finished","-","","","2026-02-06T19:40:11.000Z","24","0q7pb3yf","4","64","0","true","150","gcn","55","0.0013148998312563528","","","","0.0001","","sgd","1","","","","","","","","","","","","","","","","","15","1.0173173537177425","1.3276291489601135","0.7026400566101074","0.98872709274292","0.11271206154164004"
"still-sweep-312","","finished","-","","","2026-02-06T17:58:51.000Z","33","0q7pb3yf","1","256","0.5","false","100","gat","90","0.0013121675002522482","","","","0.0001","","sgd","3","","","","","","","","","","","","","","","","","15","1.0930117964744568","","0.6838199496269226","1.028174638748169","0.11270836061303224"
"avid-sweep-217","","finished","-","","","2026-02-06T16:46:29.000Z","21","0q7pb3yf","4","32","0.3","true","50","gcn","43","0.0013192298421918838","","","","0.0001","","sgd","1","","","","","","","","","","","","","","","","","15","1.0487724316696967","1.2972865862881435","0.6575762033462524","0.9887797832489014","0.11266467969265126"
"splendid-sweep-703","","finished","-","","","2026-02-06T23:03:11.000Z","24","0q7pb3yf","8","32","0","true","150","gat","28","0.00018115273297979385","","","","0.0001","","adam","3","","","","","","","","","","","","","","","","","15","1.051082508538359","1.298571833792855","0.6898344159126282","0.988880693912506","0.1125740708820424"
"pleasant-sweep-43","","finished","-","","","2026-02-06T14:30:47.000Z","39","0q7pb3yf","4","256","0","true","50","gat","54","0.00029238740750481973","","","","0.0001","","adam","2","","","","","","","","","","","","","","","","","15","1.0208107084035871","1.3334018389383953","0.6807088255882263","0.9893494248390198","0.11215346300442196"
"super-sweep-381","","finished","-","","","2026-02-06T18:50:04.000Z","31","0q7pb3yf","4","128","0.5","false","100","gcn","67","0.0006203067988915012","","","","0.0001","","sgd","2","","","","","","","","","","","","","","","","","15","1.0848030853778758","","0.7008417844772339","1.029388189315796","0.1116611070093333"
"peach-sweep-693","","finished","-","","","2026-02-06T22:55:03.000Z","20","0q7pb3yf","2","64","0.5","true","150","gat","47","0.003963062608789608","","","","0.0001","","sgd","1","","","","","","","","","","","","","","","","","15","1.0793094673464376","1.264501129879671","0.6853286623954773","0.9901574850082396","0.1114284494196186"
"jolly-sweep-534","","finished","-","","","2026-02-06T20:39:13.000Z","17","0q7pb3yf","2","256","0.5","false","50","gcn","51","0.001541928943195538","","","","0.0001","","adam","3","","","","","","","","","","","","","","","","","15","0.9374746531248092","","0.6418226361274719","1.0297514200210571","0.11134769635771392"
"devout-sweep-490","","finished","-","","","2026-02-06T20:07:43.000Z","16","0q7pb3yf","2","256","0.5","false","50","gcn","35","0.002481817690227844","","","","0.0001","","sgd","3","","","","","","","","","","","","","","","","","15","1.0771870637933414","","0.6931084394454956","1.0300430059432983","0.11109600439765456"
"youthful-sweep-357","","finished","-","","","2026-02-06T18:34:49.000Z","23","0q7pb3yf","1","64","0.5","true","50","gat","47","0.001209974754612403","","","","0.0001","","adam","1","","","","","","","","","","","","","","","","","15","1.110206542476531","1.2429596308399649","0.7204818725585938","0.9906771779060364","0.11096202413378577"
"good-sweep-739","","finished","-","","","2026-02-06T23:32:31.000Z","153","0q7pb3yf","8","128","0.3","true","100","gat","112","0.0021064413261549283","","","","0.0001","","sgd","1","","","","","","","","","","","","","","","","","15","1.1309760567989755","1.3013959877631245","0.7092180848121643","0.991069793701172","0.11060967413371192"
"dandy-sweep-397","","finished","-","","","2026-02-06T19:01:13.000Z","39","0q7pb3yf","1","32","0.3","false","50","gat","120","0.0002738980354794578","","","","0.0001","","sgd","3","","","","","","","","","","","","","","","","","15","1.0871750210882516","","0.716675877571106","1.031683325767517","0.1096804607154268"
"brisk-sweep-613","","finished","-","","","2026-02-06T21:50:06.000Z","26","0q7pb3yf","4","32","0","true","100","gcn","48","0.0008918449574831345","","","","0.0001","","sgd","2","","","","","","","","","","","","","","","","","15","1.015397503491371","1.3192648168872383","0.7171227335929871","0.9922605752944946","0.10954108255407324"
"laced-sweep-588","","finished","-","","","2026-02-06T21:29:24.000Z","33","0q7pb3yf","2","32","0.3","true","50","gat","41","0.0001974837905237131","","","","0.0001","","adam","2","","","","","","","","","","","","","","","","","15","1.1107878343712898","1.3057490359334385","0.7204119563102722","0.9931609630584716","0.10873304138562934"
"glowing-sweep-793","","finished","-","","","2026-02-07T00:13:47.000Z","42","0q7pb3yf","4","32","0","true","150","gat","110","0.000993703693758558","","","","0.0001","","sgd","1","","","","","","","","","","","","","","","","","15","1.077260209027157","1.334551553515827","0.7109701633453369","0.9931840896606444","0.10871228613452476"
"iconic-sweep-224","","finished","-","","","2026-02-06T16:52:21.000Z","21","0q7pb3yf","4","128","0.5","true","50","gcn","92","0.00011899517500650284","","","","0.0001","","adam","1","","","","","","","","","","","","","","","","","15","1.1022671067968328","1.3689476391848396","0.662628710269928","0.9932463765144348","0.10865636182262817"
"usual-sweep-663","","finished","-","","","2026-02-06T22:32:50.000Z","17","0q7pb3yf","1","128","0","true","100","gat","109","0.0005575887325612579","","","","0.0001","","adam","1","","","","","","","","","","","","","","","","","15","1.034672060545455","1.2579788390327902","0.6788538098335266","0.9935757517814636","0.1083607975350186"
"mild-sweep-590","","finished","-","","","2026-02-06T21:31:29.000Z","12","0q7pb3yf","1","128","0.3","true","100","gat","31","0.0029807037474553137","","","","0.0001","","adam","1","","","","","","","","","","","","","","","","","15","1.1018753241985402","1.2721703262890087","0.7137395143508911","0.993623912334442","0.10831760360206688"
"upbeat-sweep-887","","finished","-","","","2026-02-07T01:26:55.000Z","50","0q7pb3yf","2","128","0","false","150","gat","12","0.0022998648239087667","","","","0.0001","","sgd","1","","","","","","","","","","","","","","","","","15","1.0443912059702771","","0.6993024945259094","1.0343801975250244","0.107353123038742"
"gentle-sweep-402","","finished","-","","","2026-02-06T19:04:28.000Z","12","0q7pb3yf","2","128","0.3","true","100","gcn","117","0.001827570061733008","","","","0.0001","","adam","2","","","","","","","","","","","","","","","","","15","0.9361553750139602","1.5074364437776453","0.617719292640686","0.9952019453048706","0.10690142837129012"
"sweet-sweep-630","","finished","-","","","2026-02-06T22:04:07.000Z","198","0q7pb3yf","8","128","0.5","true","150","gat","83","0.0009090077534044904","","","","0.0001","","sgd","1","","","","","","","","","","","","","","","","","15","1.1566527346347242","1.3012855648994446","0.7009581923484802","0.9953025579452516","0.1068111675414578"
"good-sweep-914","","finished","-","","","2026-02-07T01:51:35.000Z","27","0q7pb3yf","4","32","0.5","true","150","gat","47","0.001569355444558687","","","","0.0001","","sgd","3","","","","","","","","","","","","","","","","","15","1.0388256224893757","1.2995639517903328","0.6673865914344788","0.9958080649375916","0.1063575168608939"
"jolly-sweep-924","","finished","-","","","2026-02-07T01:57:50.000Z","40","0q7pb3yf","4","32","0","false","50","gat","36","0.0006909871824149921","","","","0.0001","","sgd","2","","","","","","","","","","","","","","","","","15","1.0365562728976692","","0.7319036722183228","1.0358479022979736","0.10608646561298728"
"curious-sweep-92","","finished","-","","","2026-02-06T15:10:42.000Z","57","0q7pb3yf","4","64","0.3","true","150","gat","100","0.0010637364539137848","","","","0.0001","","sgd","1","","","","","","","","","","","","","","","","","15","1.1250837714441362","1.3117823074845707","0.7111911773681641","0.9964233040809632","0.10580542663848248"
"fiery-sweep-742","","finished","-","","","2026-02-06T23:38:10.000Z","45","0q7pb3yf","2","64","0","true","100","gat","113","0.001997640011724936","","","","0.0001","","sgd","3","","","","","","","","","","","","","","","","","15","1.0005959157020814","1.345563764081282","0.6567436456680298","0.9965673685073853","0.10567609021157189"
"eager-sweep-935","","finished","-","","","2026-02-07T02:06:51.000Z","16","0q7pb3yf","1","256","0.3","false","50","gat","39","0.008239815882255702","","","","0.0001","","sgd","2","","","","","","","","","","","","","","","","","15","1.0590881233414011","","0.6773174405097961","1.0365511178970337","0.10547966160465184"
"devoted-sweep-791","","finished","-","","","2026-02-07T00:11:54.000Z","15","0q7pb3yf","4","64","0.5","true","100","gcn","52","0.0017939908920167928","","","","0.0001","","sgd","2","","","","","","","","","","","","","","","","","15","1.067728429071365","1.280606375021093","0.675642192363739","0.9968807697296144","0.1053948566401014"
"sweepy-sweep-972","","finished","-","","","2026-02-07T02:32:08.000Z","31","0q7pb3yf","2","32","0.5","true","150","gat","65","0.0018937127458854691","","","","0.0001","","sgd","1","","","","","","","","","","","","","","","","","15","1.0859516702832714","1.281441509723663","0.6690433621406555","0.9970009326934814","0.1052870509502053"
"logical-sweep-375","","finished","-","","","2026-02-06T18:47:40.000Z","26","0q7pb3yf","1","64","0.5","true","150","gat","72","0.0016537584633236834","","","","0.0001","","sgd","2","","","","","","","","","","","","","","","","","15","1.076400520980999","1.2552250763949226","0.6730354428291321","0.99700129032135","0.10528680594571592"
"different-sweep-683","","finished","-","","","2026-02-06T22:47:55.000Z","68","0q7pb3yf","1","64","0","false","150","gat","78","0.00046283607066140386","","","","0.0001","","sgd","3","","","","","","","","","","","","","","","","","15","1.0446239370171742","","0.7044591307640076","1.0371497869491575","0.1049629724573664"
"golden-sweep-390","","finished","-","","","2026-02-06T18:55:49.000Z","17","0q7pb3yf","1","256","0.5","true","100","gcn","106","0.004304709528585179","","","","0.0001","","sgd","2","","","","","","","","","","","","","","","","","15","1.075405923028787","1.2927484777238634","0.6903888583183289","0.9976001381874084","0.10474928098398072"
"faithful-sweep-126","","finished","-","","","2026-02-06T15:39:50.000Z","22","0q7pb3yf","2","64","0.5","true","100","gcn","60","0.001703141633944298","","","","0.0001","","sgd","2","","","","","","","","","","","","","","","","","15","1.0478211577220629","1.2865806397269757","0.669213056564331","0.9978134036064148","0.10455797964594328"
"helpful-sweep-577","","finished","-","","","2026-02-06T21:22:35.000Z","38","0q7pb3yf","1","128","0.3","false","100","gat","59","0.0016628976325000957","","","","0.0001","","sgd","1","","","","","","","","","","","","","","","","","15","1.0810229993881064","","0.7026110291481018","1.0377527475357056","0.1044426618544798"
"polar-sweep-364","","finished","-","","","2026-02-06T18:40:50.000Z","18","0q7pb3yf","1","32","0.3","true","50","gat","58","0.002673064948791181","","","","0.0001","","adam","2","","","","","","","","","","","","","","","","","15","1.108097787826292","1.423915834987865","0.6416528820991516","0.9980452656745912","0.10434990178016056"
"curious-sweep-426","","finished","-","","","2026-02-06T19:19:54.000Z","83","0q7pb3yf","4","32","0.5","true","150","gat","80","0.0004911145610558577","","","","0.0001","","sgd","1","","","","","","","","","","","","","","","","","15","1.1257636888373284","1.2839980068452217","0.7120752930641174","0.9981638193130492","0.10424345920981826"
"faithful-sweep-839","","finished","-","","","2026-02-07T00:51:44.000Z","27","0q7pb3yf","2","256","0.3","true","150","gat","28","0.0006932482725907022","","","","0.0001","","adam","2","","","","","","","","","","","","","","","","","15","1.1183503369490306","1.3069884247250028","0.6571508049964905","0.9982283711433412","0.10418549764061592"
"fine-sweep-116","","finished","-","","","2026-02-06T15:30:47.000Z","93","0q7pb3yf","2","32","0.3","true","100","gat","106","0.0002692977687720851","","","","0.0001","","sgd","2","","","","","","","","","","","","","","","","","15","1.1261200374493034","1.2728556999388865","0.6948633193969727","0.9984241127967834","0.1040097715593412"
"helpful-sweep-89","","finished","-","","","2026-02-06T15:09:20.000Z","15","0q7pb3yf","2","64","0.5","true","50","gat","64","0.006039105742157606","","","","0.0001","","sgd","2","","","","","","","","","","","","","","","","","15","1.046225743268126","1.3024971467607165","0.6586694717407227","0.9985886812210084","0.10386212512299275"
"lucky-sweep-337","","finished","-","","","2026-02-06T18:17:11.000Z","26","0q7pb3yf","2","128","0","false","50","gat","92","0.0043545849145844905","","","","0.0001","","adam","2","","","","","","","","","","","","","","","","","15","0.9369468727010362","","0.7549328804016113","1.038571000099182","0.10373665479059124"
"frosty-sweep-300","","finished","-","","","2026-02-06T17:53:48.000Z","21","0q7pb3yf","1","64","0.5","true","150","gat","70","0.0011661344130060366","","","","0.0001","","sgd","3","","","","","","","","","","","","","","","","","15","1.1225126590780032","1.2344156135531033","0.6851843595504761","0.9992989897727966","0.10322477311260549"
"dry-sweep-856","","finished","-","","","2026-02-07T01:03:42.000Z","42","0q7pb3yf","2","64","0.5","false","100","gcn","35","0.0002714186047771221","","","","0.0001","","sgd","2","","","","","","","","","","","","","","","","","15","1.1147722781345408","","0.7026398181915283","1.0392508506774902","0.10314983893326556"
"celestial-sweep-681","","finished","-","","","2026-02-06T22:46:17.000Z","22","0q7pb3yf","8","64","0","true","50","gcn","22","0.0012857729601155336","","","","0.0001","","sgd","1","","","","","","","","","","","","","","","","","15","1.023374289915126","1.3112503412891836","0.6751015186309814","0.999522626399994","0.10302404295574152"
"lunar-sweep-291","","finished","-","","","2026-02-06T17:45:23.000Z","49","0q7pb3yf","4","128","0.3","true","50","gat","64","0.00016053189885409386","","","","0.0001","","adam","1","","","","","","","","","","","","","","","","","15","1.1880476690353232","1.3049928510890287","0.7097153663635254","0.9997038245201112","0.10286146004122854"
"radiant-sweep-1003","","finished","-","","","2026-02-07T02:52:03.000Z","24","0q7pb3yf","2","256","0.5","false","100","gcn","14","0.0015331505266826387","","","","0.0001","","sgd","3","","","","","","","","","","","","","","","","","15","1.1114973723888395","","0.7033392190933228","1.039671540260315","0.1027868792106349"
"eternal-sweep-1074","","finished","-","","","2026-02-07T03:53:02.000Z","12","0q7pb3yf","2","128","0.3","true","100","gat","66","0.00795449035033636","","","","0.0001","","adam","1","","","","","","","","","","","","","","","","","15","1.0746077425936436","1.4926243389354032","0.7671149373054504","0.9999601244926452","0.10263145988034528"
"celestial-sweep-569","","finished","-","","","2026-02-06T21:14:50.000Z","24","0q7pb3yf","4","64","0","true","150","gat","39","0.00031710819619582085","","","","0.0001","","adam","3","","","","","","","","","","","","","","","","","15","1.0220573528479504","1.345150823102278","0.7107404470443726","1.0003330707550049","0.10229671475743164"
"dauntless-sweep-338","","finished","-","","","2026-02-06T18:17:39.000Z","16","0q7pb3yf","8","128","0.5","true","100","gcn","114","0.002504432762403603","","","","0.0001","","sgd","2","","","","","","","","","","","","","","","","","15","1.0629640881051408","1.289698369362775","0.6721450090408325","1.0005124807357788","0.10213573061054716"
"kind-sweep-894","","finished","-","","","2026-02-07T01:34:55.000Z","62","0q7pb3yf","1","32","0","false","100","gcn","69","0.00014996359050192131","","","","0.0001","","sgd","2","","","","","","","","","","","","","","","","","15","1.0692819613282398","","0.7139719724655151","1.0406948328018188","0.10190384933074104"
"radiant-sweep-293","","finished","-","","","2026-02-06T17:46:55.000Z","29","0q7pb3yf","1","32","0.5","false","50","gcn","23","0.00025464669000526004","","","","0.0001","","sgd","2","","","","","","","","","","","","","","","","","15","1.1351057670770153","","0.7013802528381348","1.0415629148483276","0.10115460071136506"
"eternal-sweep-555","","finished","-","","","2026-02-06T21:04:27.000Z","179","0q7pb3yf","4","256","0.5","false","150","gat","111","0.0012411028785858156","","","","0.0001","","sgd","2","","","","","","","","","","","","","","","","","15","1.1492307956020038","","0.7334417104721069","1.0416507720947266","0.1010787767861928"
"true-sweep-1027","","finished","-","","","2026-02-07T03:11:14.000Z","19","0q7pb3yf","1","64","0.3","true","50","gat","67","0.004335041578733858","","","","0.0001","","adam","3","","","","","","","","","","","","","","","","","15","1.0498259528990714","1.478238359970205","0.7086631655693054","1.0019856691360474","0.10081373425056872"
"cool-sweep-806","","finished","-","","","2026-02-07T00:27:03.000Z","16","0q7pb3yf","1","256","0.3","true","150","gcn","40","0.006802636599930046","","","","0.0001","","sgd","3","","","","","","","","","","","","","","","","","15","1.0418394456307094","1.266063584221734","0.6692975759506226","1.0019879341125488","0.10081175950116494"
"fresh-sweep-1055","","finished","-","","","2026-02-07T03:39:56.000Z","20","0q7pb3yf","1","128","0.5","false","50","gcn","71","0.000917670116971943","","","","0.0001","","sgd","3","","","","","","","","","","","","","","","","","15","1.0876484297691509","","0.7077211737632751","1.0419714450836182","0.10080208591269613"
"desert-sweep-580","","finished","-","","","2026-02-06T21:24:03.000Z","27","0q7pb3yf","4","64","0","false","50","gat","17","0.00012822781416418043","","","","0.0001","","adam","3","","","","","","","","","","","","","","","","","15","1.052210973155114","","0.7132287621498108","1.0424038171768188","0.10042890315062668"
"cerulean-sweep-784","","finished","-","","","2026-02-07T00:06:23.000Z","21","0q7pb3yf","1","32","0.5","true","100","gat","37","0.006280431893523093","","","","0.0001","","adam","1","","","","","","","","","","","","","","","","","15","1.0718075043411666","1.2142131595927126","0.6810784935951233","1.002547025680542","0.10030992037537224"
"unique-sweep-639","","finished","-","","","2026-02-06T22:13:06.000Z","17","0q7pb3yf","2","256","0","true","50","gat","63","0.002663205749743511","","","","0.0001","","adam","1","","","","","","","","","","","","","","","","","15","1.0486132030685742","1.3237614101833768","0.6880239844322205","1.0031025409698486","0.099811384035983"
"clear-sweep-111","","finished","-","","","2026-02-06T15:27:42.000Z","14","0q7pb3yf","1","64","0.5","true","100","gat","10","0.003803922066059783","","","","0.0001","","sgd","3","","","","","","","","","","","","","","","","","15","1.0904999509934457","1.2162165028207443","0.6820513010025024","1.0033127069473269","0.09962283019414032"
"fallen-sweep-872","","finished","-","","","2026-02-07T01:15:32.000Z","17","0q7pb3yf","8","256","0.3","false","50","gcn","109","0.0023093913724459535","","","","0.0001","","sgd","1","","","","","","","","","","","","","","","","","15","1.0905700003107388","","0.7045899629592896","1.0435748100280762","0.09941844214635089"
"visionary-sweep-922","","finished","-","","","2026-02-07T01:57:01.000Z","13","0q7pb3yf","2","256","0.5","true","50","gcn","36","0.005551353018455532","","","","0.0001","","sgd","2","","","","","","","","","","","","","","","","","15","1.0730471834540367","1.247466762860616","0.6874823570251465","1.0036221742630005","0.09934509924343338"
"glamorous-sweep-196","","finished","-","","","2026-02-06T16:30:24.000Z","26","0q7pb3yf","8","128","0.5","true","100","gcn","34","0.0001439400324509923","","","","0.0001","","adam","1","","","","","","","","","","","","","","","","","15","1.2001255129246002","1.3442243618123673","0.6996093988418579","1.0036720037460327","0.09930040164074794"
"unique-sweep-993","","finished","-","","","2026-02-07T02:45:04.000Z","19","0q7pb3yf","2","32","0.3","true","100","gcn","111","0.0088665303164498","","","","0.0001","","sgd","3","","","","","","","","","","","","","","","","","15","0.9189062403735294","1.449302745216033","0.6201569437980652","1.0041542053222656","0.09886754308723555"
"usual-sweep-1007","","finished","-","","","2026-02-07T02:56:32.000Z","46","0q7pb3yf","1","256","0","false","150","gat","67","0.0016850689419690764","","","","0.0001","","sgd","3","","","","","","","","","","","","","","","","","15","1.072865275045236","","0.7151957750320435","1.0446388721466064","0.098500146141288"
"astral-sweep-903","","finished","-","","","2026-02-07T01:45:57.000Z","27","0q7pb3yf","1","32","0","true","100","gcn","101","0.0006574825277549452","","","","0.0001","","sgd","1","","","","","","","","","","","","","","","","","15","1.023886195113582","1.3231832704999869","0.6792570352554321","1.005477786064148","0.09767988959934304"
"fiery-sweep-824","","finished","-","","","2026-02-07T00:38:11.000Z","13","0q7pb3yf","1","128","0","true","50","gat","112","0.00037897937245344617","","","","0.0001","","adam","3","","","","","","","","","","","","","","","","","15","1.0513523354175245","1.291389104198007","0.6775000095367432","1.005570650100708","0.09759647499424152"
"playful-sweep-779","","finished","-","","","2026-02-07T00:01:45.000Z","17","0q7pb3yf","2","64","0.5","true","150","gat","21","0.002483377771658673","","","","0.0001","","sgd","3","","","","","","","","","","","","","","","","","15","1.0791643531091752","1.2557479230796589","0.6704820990562439","1.005680799484253","0.09749763229296116"
"grateful-sweep-758","","finished","-","","","2026-02-06T23:48:09.000Z","15","0q7pb3yf","4","128","0.3","true","100","gat","12","0.005990608967940035","","","","0.0001","","adam","1","","","","","","","","","","","","","","","","","15","1.07961346621209","1.3747866925071268","0.6535968780517578","1.0057395696640017","0.09744497504953976"
"celestial-sweep-941","","finished","-","","","2026-02-07T02:09:35.000Z","18","0q7pb3yf","8","256","0","false","50","gcn","29","0.00014824094902985782","","","","0.0001","","adam","2","","","","","","","","","","","","","","","","","15","1.0439222330848377","","0.7060192227363586","1.0459145307540894","0.09739919499762406"
"leafy-sweep-734","","finished","-","","","2026-02-06T23:28:06.000Z","12","0q7pb3yf","8","128","0.3","true","50","gcn","109","0.0034728366180658424","","","","0.0001","","sgd","3","","","","","","","","","","","","","","","","","15","1.0478749110343608","1.286902936065898","0.6687451004981995","1.0058588981628418","0.09733779051383971"
"fast-sweep-1054","","finished","-","","","2026-02-07T03:39:34.000Z","21","0q7pb3yf","4","256","0.3","true","150","gat","50","0.005112118121244138","","","","0.0001","","sgd","3","","","","","","","","","","","","","","","","","15","1.0804451083143551","1.2851450045903523","0.6967565417289734","1.006077527999878","0.09714161778350106"
"glamorous-sweep-476","","finished","-","","","2026-02-06T19:55:03.000Z","27","0q7pb3yf","2","64","0","false","50","gat","27","0.0003868864766041934","","","","0.0001","","adam","3","","","","","","","","","","","","","","","","","15","0.9913260635509286","","0.7678344249725342","1.0462559461593628","0.09710464963742936"
"proud-sweep-745","","finished","-","","","2026-02-06T23:39:43.000Z","34","0q7pb3yf","1","32","0.5","false","50","gat","29","0.0004626196058121168","","","","0.0001","","sgd","1","","","","","","","","","","","","","","","","","15","1.137197870400644","","0.7080093622207642","1.046582818031311","0.0968226337240926"
"comfy-sweep-845","","finished","-","","","2026-02-07T00:57:46.000Z","30","0q7pb3yf","4","32","0.3","true","100","gat","36","0.00023230338759683275","","","","0.0001","","adam","2","","","","","","","","","","","","","","","","","15","1.0889673772999036","1.3794955418390389","0.7560049891471863","1.0065699815750122","0.09669971303074044"
"ethereal-sweep-156","","finished","-","","","2026-02-06T16:00:19.000Z","15","0q7pb3yf","8","128","0.5","true","100","gcn","128","0.0045213113923362235","","","","0.0001","","adam","2","","","","","","","","","","","","","","","","","15","0.9911502193897328","1.5406132410554323","0.6252516508102417","1.0072543621063232","0.09608550701979857"
"sandy-sweep-189","","finished","-","","","2026-02-06T16:24:25.000Z","44","0q7pb3yf","1","32","0.5","true","100","gat","92","0.0004276144811971219","","","","0.0001","","sgd","2","","","","","","","","","","","","","","","","","15","1.0852150647870955","1.24592945505591","0.6753963828086853","1.0073330402374268","0.09601493075414291"
"treasured-sweep-465","","finished","-","","","2026-02-06T19:47:54.000Z","14","0q7pb3yf","4","128","0","true","50","gcn","112","0.0030050713654108233","","","","0.0001","","sgd","3","","","","","","","","","","","","","","","","","15","1.0021715798276536","1.3121307387071497","0.6562740206718445","1.0078648328781128","0.09553764711433987"
"glamorous-sweep-595","","finished","-","","","2026-02-06T21:35:00.000Z","17","0q7pb3yf","8","64","0","true","150","gcn","42","0.0011196896431261518","","","","0.0001","","sgd","3","","","","","","","","","","","","","","","","","15","1.045887528247731","1.273495681145612","0.7147245407104492","1.0086766481399536","0.09480918504015157"
"brisk-sweep-278","","finished","-","","","2026-02-06T17:36:49.000Z","31","0q7pb3yf","4","128","0.3","true","150","gat","97","0.0006936943825871487","","","","0.0001","","adam","3","","","","","","","","","","","","","","","","","15","1.0634678310536323","1.4568078237421371","0.766200840473175","1.0086976289749146","0.09479030801752963"
"amber-sweep-507","","finished","-","","","2026-02-06T20:19:15.000Z","40","0q7pb3yf","4","256","0","false","150","gcn","82","0.000567615475677466","","","","0.0001","","sgd","3","","","","","","","","","","","","","","","","","15","1.0679427236318588","","0.7084105014801025","1.0492695569992063","0.09450400176688556"
"fluent-sweep-152","","finished","-","","","2026-02-06T15:57:40.000Z","36","0q7pb3yf","8","128","0","false","50","gat","24","0.0011363717681757467","","","","0.0001","","sgd","3","","","","","","","","","","","","","","","","","15","1.0684715801096978","","0.7049022316932678","1.049518585205078","0.09428897280766402"
"gentle-sweep-907","","finished","-","","","2026-02-07T01:48:50.000Z","23","0q7pb3yf","1","64","0.5","true","50","gcn","37","0.0015079748344539866","","","","0.0001","","sgd","1","","","","","","","","","","","","","","","","","15","1.0943375902791177","1.2864382845513962","0.6710569858551025","1.009299635887146","0.09425008723485784"
"avid-sweep-415","","finished","-","","","2026-02-06T19:15:29.000Z","17","0q7pb3yf","1","256","0.5","false","50","gat","31","0.007577541302408773","","","","0.0001","","sgd","1","","","","","","","","","","","","","","","","","15","1.091277192036311","","0.6861647367477417","1.049731969833374","0.0941049551348252"
"wild-sweep-75","","finished","-","","","2026-02-06T14:58:08.000Z","31","0q7pb3yf","2","64","0.5","true","100","gcn","12","0.00033586876042744477","","","","0.0001","","adam","1","","","","","","","","","","","","","","","","","15","1.2669043855000568","1.347827301305883","0.6542718410491943","1.0097978115081787","0.0938030794242587"
"expert-sweep-1086","","finished","-","","","2026-02-07T04:00:38.000Z","16","0q7pb3yf","1","64","0","true","100","gcn","111","0.0054532125849670494","","","","0.0001","","adam","3","","","","","","","","","","","","","","","","","15","0.8516660239747775","1.6641669220784132","0.6242381930351257","1.0098330974578855","0.0937714118233135"
"ethereal-sweep-716","","finished","-","","","2026-02-06T23:12:03.000Z","46","0q7pb3yf","1","64","0.5","false","100","gat","86","0.00043757558308009386","","","","0.0001","","sgd","1","","","","","","","","","","","","","","","","","15","1.1619935548433693","","0.7207596302032471","1.0502907037734983","0.09362270564863329"
"zany-sweep-127","","finished","-","","","2026-02-06T15:40:18.000Z","34","0q7pb3yf","8","32","0.3","true","100","gcn","102","0.0004078623233644621","","","","0.0001","","sgd","2","","","","","","","","","","","","","","","","","15","1.077035667915498","1.2940627161194296","0.7071990370750427","1.0102074146270752","0.09343544993910058"
"prime-sweep-208","","finished","-","","","2026-02-06T16:40:13.000Z","16","0q7pb3yf","4","256","0.3","true","50","gcn","47","0.005606265933075821","","","","0.0001","","sgd","3","","","","","","","","","","","","","","","","","15","1.0459838410218556","1.2946657538414","0.6847544312477112","1.0104764699935913","0.0931940444793048"
"happy-sweep-994","","finished","-","","","2026-02-07T02:45:26.000Z","93","0q7pb3yf","4","32","0.3","true","150","gcn","30","0.00011195663721357686","","","","0.0001","","sgd","2","","","","","","","","","","","","","","","","","15","1.0997286664862786","1.2586078757748884","0.6916359663009644","1.011252522468567","0.0924975528162475"
"robust-sweep-16","","finished","-","","","2026-02-06T14:07:13.000Z","36","0q7pb3yf","8","128","0","false","50","gat","26","0.0001200492137403289","","","","0.0001","","adam","2","","","","","","","","","","","","","","","","","15","1.064499445418094","","0.7237178087234497","1.051613211631775","0.09248149705771924"
"whole-sweep-957","","finished","-","","","2026-02-07T02:20:21.000Z","48","0q7pb3yf","8","128","0.3","true","150","gat","71","0.0020097477086609304","","","","0.0001","","adam","1","","","","","","","","","","","","","","","","","15","0.9580061207426356","1.6089962790994083","0.7942325472831726","1.0113931894302368","0.09237140009838984"
"sage-sweep-748","","finished","-","","","2026-02-06T23:41:43.000Z","27","0q7pb3yf","2","64","0.5","true","100","gat","8","0.0020377180313118724","","","","0.0001","","sgd","2","","","","","","","","","","","","","","","","","15","1.061266916413461","1.2651508976431454","0.6692296862602234","1.0115113258361816","0.092265347802159"
"lively-sweep-520","","finished","-","","","2026-02-06T20:30:19.000Z","20","0q7pb3yf","1","128","0.3","true","50","gat","31","0.006413249511086983","","","","0.0001","","sgd","1","","","","","","","","","","","","","","","","","15","1.0807432938129344","1.2991929194506475","0.7295441031455994","1.0116536617279053","0.09213763095725692"
"solar-sweep-290","","finished","-","","","2026-02-06T17:44:45.000Z","33","0q7pb3yf","1","256","0.3","false","100","gat","21","0.0012686364715995197","","","","0.0001","","sgd","2","","","","","","","","","","","","","","","","","15","1.1567013661066692","","0.7283117771148682","1.0521246194839478","0.09204011026054282"
"atomic-sweep-969","","finished","-","","","2026-02-07T02:30:57.000Z","32","0q7pb3yf","1","32","0.5","true","100","gcn","122","0.0004842311605830686","","","","0.0001","","sgd","1","","","","","","","","","","","","","","","","","15","1.0869166913532442","1.2853285766699736","0.6803157925605774","1.0118176937103271","0.09199028998840952"
"sandy-sweep-479","","finished","-","","","2026-02-06T19:57:30.000Z","18","0q7pb3yf","2","64","0","true","100","gat","15","0.0025544228904280405","","","","0.0001","","sgd","2","","","","","","","","","","","","","","","","","15","1.087272136442123","1.28738113711862","0.6942459344863892","1.011917233467102","0.09190102843254266"
"worthy-sweep-1023","","finished","-","","","2026-02-07T03:07:17.000Z","54","0q7pb3yf","2","64","0.3","true","150","gat","82","0.0007849855407808914","","","","0.0001","","sgd","1","","","","","","","","","","","","","","","","","15","1.149580905834834","1.2971683495184954","0.7043284177780151","1.0124071836471558","0.09146132788178708"
"devoted-sweep-134","","finished","-","","","2026-02-06T15:44:13.000Z","45","0q7pb3yf","2","256","0.5","false","150","gat","13","0.002178014027290376","","","","0.0001","","sgd","2","","","","","","","","","","","","","","","","","15","1.071576292316119","","0.6925387382507324","1.053201675415039","0.09111055777176946"
"cool-sweep-149","","finished","-","","","2026-02-06T15:55:19.000Z","25","0q7pb3yf","1","128","0.5","true","150","gat","79","0.00013756365910453253","","","","0.0001","","adam","3","","","","","","","","","","","","","","","","","15","1.1176784266816808","1.2485240066752714","0.6791657209396362","1.0130280256271362","0.09090426352699887"
"comfy-sweep-1102","","finished","-","","","2026-02-07T04:13:14.000Z","24","0q7pb3yf","4","256","0.5","false","50","gcn","42","0.0019929423118868494","","","","0.0001","","sgd","2","","","","","","","","","","","","","","","","","15","1.112756972511609","","0.6976398825645447","1.053638219833374","0.09073389822825972"
"desert-sweep-267","","finished","-","","","2026-02-06T17:27:11.000Z","16","0q7pb3yf","8","256","0","true","150","gcn","14","0.0056666170041074874","","","","0.0001","","sgd","3","","","","","","","","","","","","","","","","","15","1.019912287592888","1.298585037390391","0.663884162902832","1.0132242441177368","0.09072810856655412"
"major-sweep-952","","finished","-","","","2026-02-07T02:16:48.000Z","64","0q7pb3yf","2","256","0.5","false","150","gat","63","0.0013129275325851491","","","","0.0001","","sgd","1","","","","","","","","","","","","","","","","","15","1.181669260064761","","0.7334684133529663","1.053659200668335","0.09071582678111834"
"azure-sweep-986","","finished","-","","","2026-02-07T02:40:33.000Z","40","0q7pb3yf","2","256","0.5","true","150","gat","101","0.000987691323208676","","","","0.0001","","sgd","3","","","","","","","","","","","","","","","","","15","1.287633739411831","1.2775024970372515","0.7090272903442383","1.0133284330368042","0.09063466540455913"
"flowing-sweep-757","","finished","-","","","2026-02-06T23:47:41.000Z","24","0q7pb3yf","1","64","0.5","true","150","gat","99","0.00103468200855902","","","","0.0001","","sgd","3","","","","","","","","","","","","","","","","","15","1.0907719981285833","1.2665585261933945","0.66877681016922","1.0142632722854614","0.08979573983001343"
"devout-sweep-119","","finished","-","","","2026-02-06T15:34:02.000Z","49","0q7pb3yf","4","32","0","true","50","gat","96","0.00038941300714602576","","","","0.0001","","sgd","1","","","","","","","","","","","","","","","","","15","1.1141825909576109","1.3194032293908735","0.7081587314605713","1.014347791671753","0.08971987035143014"
"vibrant-sweep-1013","","finished","-","","","2026-02-07T03:00:31.000Z","31","0q7pb3yf","8","256","0.5","true","150","gat","17","0.002996298999008463","","","","0.0001","","sgd","2","","","","","","","","","","","","","","","","","15","1.1299879128734271","1.2821354733573065","0.6877423524856567","1.0145727396011353","0.0895180288512818"
"smart-sweep-662","","finished","-","","","2026-02-06T22:32:17.000Z","30","0q7pb3yf","1","256","0","false","100","gcn","110","0.0008301256068567426","","","","0.0001","","sgd","3","","","","","","","","","","","","","","","","","15","1.075225221614043","","0.7204622030258179","1.0551234483718872","0.0894521474101947"
"lunar-sweep-423","","finished","-","","","2026-02-06T19:18:48.000Z","21","0q7pb3yf","1","64","0","true","100","gat","119","0.0021636058549486525","","","","0.0001","","sgd","1","","","","","","","","","","","","","","","","","15","1.1104549368222554","1.309562088812099","0.6933595538139343","1.014717936515808","0.08938768383227458"
"vocal-sweep-620","","finished","-","","","2026-02-06T21:56:11.000Z","81","0q7pb3yf","1","32","0","false","150","gcn","32","0.00012513359876899303","","","","0.0001","","sgd","1","","","","","","","","","","","","","","","","","15","1.0822524868993348","","0.7152155637741089","1.0555285215377808","0.08910260044882201"
"lilac-sweep-828","","finished","-","","","2026-02-07T00:40:32.000Z","33","0q7pb3yf","2","32","0.3","true","50","gat","13","0.001060448569474767","","","","0.0001","","sgd","2","","","","","","","","","","","","","","","","","15","1.098522457384294","1.2613135541186613","0.6937454342842102","1.0152441263198853","0.08891551714049095"
"sparkling-sweep-348","","finished","-","","","2026-02-06T18:24:30.000Z","69","0q7pb3yf","1","32","0.5","false","100","gat","44","0.0002755602044450959","","","","0.0001","","sgd","1","","","","","","","","","","","","","","","","","15","1.1239320543664757","","0.7282048463821411","1.0557663440704346","0.08889733103845343"
"ethereal-sweep-719","","finished","-","","","2026-02-06T23:14:19.000Z","32","0q7pb3yf","4","256","0","true","50","gat","90","0.0003100357859401458","","","","0.0001","","adam","1","","","","","","","","","","","","","","","","","15","1.0803086683154106","1.2969650559955173","0.676091730594635","1.0154813528060913","0.08870263474993878"
"revived-sweep-749","","finished","-","","","2026-02-06T23:42:15.000Z","59","0q7pb3yf","4","64","0","false","150","gcn","26","0.0002202808226452348","","","","0.0001","","sgd","3","","","","","","","","","","","","","","","","","15","1.079122451043898","","0.7199700474739075","1.0560892820358276","0.08861861119460379"
"rosy-sweep-336","","finished","-","","","2026-02-06T18:16:06.000Z","62","0q7pb3yf","4","64","0.5","false","150","gcn","99","0.0001520514597758343","","","","0.0001","","sgd","1","","","","","","","","","","","","","","","","","15","1.1756225036036585","","0.7055888772010803","1.0563849210739136","0.08836358461407778"
"good-sweep-405","","finished","-","","","2026-02-06T19:06:45.000Z","17","0q7pb3yf","8","128","0.3","true","50","gcn","65","0.0024376134906609207","","","","0.0001","","sgd","2","","","","","","","","","","","","","","","","","15","1.0639761978007378","1.28740012996337","0.691559374332428","1.016036033630371","0.08820477852862518"
"misty-sweep-628","","finished","-","","","2026-02-06T22:02:14.000Z","53","0q7pb3yf","4","32","0","true","150","gat","89","0.0006122945128067512","","","","0.0001","","sgd","1","","","","","","","","","","","","","","","","","15","1.0943667786095732","1.3130085744401987","0.6863723993301392","1.0163224935531616","0.08794782321075634"
"fearless-sweep-817","","finished","-","","","2026-02-07T00:34:10.000Z","18","0q7pb3yf","4","128","0.5","true","100","gcn","106","0.0016407302065113837","","","","0.0001","","sgd","2","","","","","","","","","","","","","","","","","15","1.0817040623502527","1.286562484853408","0.6768472194671631","1.0169392824172974","0.08739419679816707"
"celestial-sweep-20","","finished","-","","","2026-02-06T14:10:01.000Z","24","0q7pb3yf","8","256","0","true","100","gcn","48","0.0024788330681807763","","","","0.0001","","sgd","2","","","","","","","","","","","","","","","","","15","1.0165301834543543","1.2785358164045546","0.6857715249061584","1.017237663269043","0.08712642486013344"
"radiant-sweep-177","","finished","-","","","2026-02-06T16:17:21.000Z","42","0q7pb3yf","4","64","0.5","true","50","gat","94","0.000785764564924499","","","","0.0001","","sgd","2","","","","","","","","","","","","","","","","","15","1.1447033843686505","1.286367432159536","0.6858981847763062","1.0175213813781738","0.08687190558663516"
"proud-sweep-237","","finished","-","","","2026-02-06T17:04:39.000Z","41","0q7pb3yf","4","128","0","false","100","gat","23","0.0006779296244082644","","","","0.0001","","sgd","3","","","","","","","","","","","","","","","","","15","1.0869476199150083","","0.7402202486991882","1.0585885047912598","0.08646192659231977"
"firm-sweep-481","","finished","-","","","2026-02-06T20:01:33.000Z","25","0q7pb3yf","2","64","0.5","true","50","gat","38","0.0015754111371112998","","","","0.0001","","sgd","2","","","","","","","","","","","","","","","","","15","1.12992912402717","1.2657119885963553","0.7142595052719116","1.018579602241516","0.0859221971763604"
"absurd-sweep-443","","finished","-","","","2026-02-06T19:30:50.000Z","15","0q7pb3yf","1","256","0","true","100","gcn","26","0.006937293216647098","","","","0.0001","","sgd","3","","","","","","","","","","","","","","","","","15","1.0296562761068344","1.2876429557800293","0.6705049872398376","1.0197337865829468","0.08488640118924984"
"dutiful-sweep-77","","finished","-","","","2026-02-06T14:59:13.000Z","51","0q7pb3yf","2","256","0.3","false","150","gat","39","0.0007947380746538899","","","","0.0001","","sgd","1","","","","","","","","","","","","","","","","","15","1.272564095755418","","0.7283074259757996","1.060874104499817","0.08448957651630362"
"fallen-sweep-582","","finished","-","","","2026-02-06T21:25:20.000Z","14","0q7pb3yf","2","256","0.5","true","50","gat","46","0.00307753287482045","","","","0.0001","","sgd","3","","","","","","","","","","","","","","","","","15","1.2578336248795192","1.2370900445514257","0.7106179594993591","1.0205297470092771","0.08417214858938071"
"celestial-sweep-234","","finished","-","","","2026-02-06T17:02:39.000Z","14","0q7pb3yf","2","256","0.3","true","150","gat","16","0.0021138223031945103","","","","0.0001","","adam","3","","","","","","","","","","","","","","","","","15","1.1644073128700256","1.2798114352756076","0.7266663908958435","1.0205981731414795","0.08411081119863506"
"laced-sweep-1043","","finished","-","","","2026-02-07T03:27:13.000Z","20","0q7pb3yf","1","256","0.5","false","50","gcn","50","0.00010149535720787668","","","","0.0001","","adam","3","","","","","","","","","","","","","","","","","15","1.214371497432391","","0.7003964185714722","1.0613967180252075","0.08403845714296632"
"curious-sweep-58","","finished","-","","","2026-02-06T14:44:50.000Z","77","0q7pb3yf","8","128","0.5","false","50","gat","89","0.005859232898015592","","","","0.0001","","sgd","2","","","","","","","","","","","","","","","","","15","1.0230839074926172","","0.6651657223701477","1.0615257024765017","0.08392715446830368"
"absurd-sweep-867","","finished","-","","","2026-02-07T01:12:54.000Z","25","0q7pb3yf","4","256","0.3","true","150","gat","16","0.002842066609373076","","","","0.0001","","sgd","2","","","","","","","","","","","","","","","","","15","1.1888691385587056","1.2702709436416626","0.6981662511825562","1.0208038091659546","0.08392612389766918"
"magic-sweep-175","","finished","-","","","2026-02-06T16:14:38.000Z","123","0q7pb3yf","8","128","0.5","true","100","gat","55","0.0005213701150762804","","","","0.0001","","sgd","3","","","","","","","","","","","","","","","","","15","1.1345434100069898","1.2575289431740255","0.6922758221626282","1.0210860967636108","0.08367284027707178"
"logical-sweep-946","","finished","-","","","2026-02-07T02:12:33.000Z","53","0q7pb3yf","1","64","0.3","true","150","gat","86","0.0003150701697603741","","","","0.0001","","sgd","1","","","","","","","","","","","","","","","","","15","1.3452977339426675","1.2875534821959105","0.7298749089241028","1.0210938453674316","0.08366590531717955"
"dauntless-sweep-530","","finished","-","","","2026-02-06T20:36:46.000Z","24","0q7pb3yf","8","64","0.5","true","150","gcn","112","0.0005656071822925479","","","","0.0001","","sgd","3","","","","","","","","","","","","","","","","","15","1.0766739092206443","1.2624752924722784","0.691388726234436","1.0217283964157104","0.08309655229410418"
"sandy-sweep-524","","finished","-","","","2026-02-06T20:32:56.000Z","21","0q7pb3yf","1","128","0","false","50","gat","62","0.0001548230257240753","","","","0.0001","","adam","3","","","","","","","","","","","","","","","","","15","1.059523456908287","","0.7018727660179138","1.0625131130218506","0.08307517462504677"
"cool-sweep-184","","finished","-","","","2026-02-06T16:21:10.000Z","61","0q7pb3yf","4","32","0","true","150","gat","17","0.0003689489559741158","","","","0.0001","","sgd","1","","","","","","","","","","","","","","","","","15","1.0830675260995024","1.3079212601570522","0.6931902170181274","1.0218669176101685","0.08297221385440734"
"amber-sweep-740","","finished","-","","","2026-02-06T23:35:06.000Z","60","0q7pb3yf","4","32","0.5","true","50","gat","128","0.00021137331391083745","","","","0.0001","","sgd","3","","","","","","","","","","","","","","","","","15","1.239906510598557","1.2725244181997637","0.7091497182846069","1.021954894065857","0.08289325732187725"
"helpful-sweep-549","","finished","-","","","2026-02-06T20:56:09.000Z","81","0q7pb3yf","8","256","0.3","false","100","gat","37","0.0012766098664448795","","","","0.0001","","sgd","3","","","","","","","","","","","","","","","","","15","1.1277640586098034","","0.7545896768569946","1.0630078315734863","0.08264809738717693"
"playful-sweep-1022","","finished","-","","","2026-02-07T03:06:28.000Z","45","0q7pb3yf","4","256","0.3","true","150","gat","74","0.0005817242249210006","","","","0.0001","","adam","3","","","","","","","","","","","","","","","","","15","1.0451924800872805","1.4484933879640367","0.7631316184997559","1.022418975830078","0.0824768164136701"
"dutiful-sweep-702","","finished","-","","","2026-02-06T23:02:32.000Z","35","0q7pb3yf","2","256","0.5","false","50","gat","125","0.0004444811537648531","","","","0.0001","","adam","1","","","","","","","","","","","","","","","","","15","1.14888363579909","","0.7772507667541504","1.0636457204818726","0.08209758454125149"
"summer-sweep-801","","finished","-","","","2026-02-07T00:22:35.000Z","50","0q7pb3yf","2","64","0.5","true","100","gat","33","0.0003670921790670117","","","","0.0001","","sgd","2","","","","","","","","","","","","","","","","","15","1.171024610278427","1.2466676673468422","0.7194126844406128","1.0229202508926392","0.08202693098664093"
"fearless-sweep-356","","finished","-","","","2026-02-06T18:34:27.000Z","17","0q7pb3yf","2","256","0","true","50","gat","89","0.005955801321392179","","","","0.0001","","adam","1","","","","","","","","","","","","","","","","","15","1.067137894531091","1.3434007432725694","0.7484158873558044","1.0230344533920288","0.08192450577993793"
"logical-sweep-468","","finished","-","","","2026-02-06T19:49:17.000Z","30","0q7pb3yf","1","64","0.5","false","50","gat","69","0.00028271474343688924","","","","0.0001","","sgd","3","","","","","","","","","","","","","","","","","15","1.2133581619108875","","0.7199552059173584","1.0639928579330444","0.08179807696504326"
"eager-sweep-510","","finished","-","","","2026-02-06T20:21:37.000Z","64","0q7pb3yf","8","256","0","true","150","gat","64","0.0025485215633889295","","","","0.0001","","sgd","3","","","","","","","","","","","","","","","","","15","1.074330396950245","1.295275582207574","0.6807290315628052","1.0233354568481443","0.08165429660619894"
"pious-sweep-974","","finished","-","","","2026-02-07T02:33:30.000Z","14","0q7pb3yf","1","64","0","true","150","gat","68","0.0012087177715599013","","","","0.0001","","adam","2","","","","","","","","","","","","","","","","","15","1.063480399629121","1.3295029156348284","0.7261478304862976","1.0233979225158691","0.08159823518331655"
"dark-sweep-989","","finished","-","","","2026-02-07T02:42:21.000Z","23","0q7pb3yf","4","64","0","true","150","gcn","116","0.0007070534631573275","","","","0.0001","","sgd","2","","","","","","","","","","","","","","","","","15","1.0598355717556451","1.2961708342327791","0.6905418038368225","1.0234664678573608","0.08153681541903324"
"restful-sweep-14","","finished","-","","","2026-02-06T14:06:01.000Z","36","0q7pb3yf","8","256","0.5","false","150","gcn","23","0.0006460206616635198","","","","0.0001","","sgd","3","","","","","","","","","","","","","","","","","15","1.088839295009772","","0.7119049429893494","1.0645885467529297","0.08128401749876801"
"driven-sweep-265","","finished","-","","","2026-02-06T17:25:49.000Z","46","0q7pb3yf","1","128","0.3","false","150","gcn","76","0.0003576341147385286","","","","0.0001","","sgd","1","","","","","","","","","","","","","","","","","15","1.1457126876141162","","0.7212856411933899","1.0646673440933228","0.08121601143306045"
"fearless-sweep-503","","finished","-","","","2026-02-06T20:17:15.000Z","46","0q7pb3yf","2","32","0.3","true","100","gat","22","0.000122713423384844","","","","0.0001","","adam","3","","","","","","","","","","","","","","","","","15","1.1501212224204054","1.2562804016120293","0.722740888595581","1.0238968133926392","0.08115055810946359"
"wandering-sweep-136","","finished","-","","","2026-02-06T15:45:24.000Z","27","0q7pb3yf","4","64","0.3","false","50","gcn","101","0.0003700730192738492","","","","0.0001","","sgd","2","","","","","","","","","","","","","","","","","15","1.121282184316266","","0.7203773856163025","1.06493079662323","0.08098857837247098"
"noble-sweep-429","","finished","-","","","2026-02-06T19:22:11.000Z","91","0q7pb3yf","2","64","0.3","false","100","gat","126","0.009335733786360066","","","","0.0001","","adam","3","","","","","","","","","","","","","","","","","15","1.00974785544539","","0.6763885617256165","1.064931035041809","0.08098839439961969"
"morning-sweep-142","","finished","-","","","2026-02-06T15:49:46.000Z","13","0q7pb3yf","8","128","0.5","true","150","gcn","26","0.00550558658151626","","","","0.0001","","sgd","3","","","","","","","","","","","","","","","","","15","1.0855964016407094","1.2391327829921948","0.6811753511428833","1.02413809299469","0.08093401701549763"
"stoic-sweep-687","","finished","-","","","2026-02-06T22:51:56.000Z","15","0q7pb3yf","1","128","0","true","50","gat","52","0.00046184212786846686","","","","0.0001","","adam","2","","","","","","","","","","","","","","","","","15","1.116605354116318","1.2744694106719072","0.7062730193138123","1.024491548538208","0.08061680231534052"
"royal-sweep-292","","finished","-","","","2026-02-06T17:46:17.000Z","34","0q7pb3yf","1","256","0.5","false","100","gcn","104","0.0006966895436097795","","","","0.0001","","sgd","2","","","","","","","","","","","","","","","","","15","1.156242621441682","","0.709770679473877","1.0654613971710205","0.08053079385486495"
"crimson-sweep-471","","finished","-","","","2026-02-06T19:52:44.000Z","19","0q7pb3yf","4","128","0.5","true","100","gcn","47","0.003929694686036695","","","","0.0001","","sgd","1","","","","","","","","","","","","","","","","","15","1.0822583563784336","1.3703162529889277","0.7632992267608643","1.0251559019088743","0.08002060150074986"
"smart-sweep-862","","finished","-","","","2026-02-07T01:08:34.000Z","38","0q7pb3yf","2","256","0.5","true","150","gat","87","0.0024667115251593755","","","","0.0001","","sgd","1","","","","","","","","","","","","","","","","","15","1.3093547150492668","1.28343399365743","0.7371792793273926","1.0251712799072266","0.08000674866494095"
"cerulean-sweep-493","","finished","-","","","2026-02-06T20:09:21.000Z","21","0q7pb3yf","1","128","0.3","true","150","gat","34","0.0008970911725127924","","","","0.0001","","sgd","2","","","","","","","","","","","","","","","","","15","1.236678089233155","1.2626583576202393","0.7058094143867493","1.0254888534545898","0.07972188350156262"
"usual-sweep-720","","finished","-","","","2026-02-06T23:14:57.000Z","34","0q7pb3yf","1","128","0","false","100","gcn","55","0.0029035450845605595","","","","0.0001","","adam","2","","","","","","","","","","","","","","","","","15","0.7383847071769389","","0.687839686870575","1.0670840740203855","0.07913038595733901"
"decent-sweep-353","","finished","-","","","2026-02-06T18:30:49.000Z","71","0q7pb3yf","4","64","0.5","false","150","gat","18","0.00022047107047228808","","","","0.0001","","sgd","3","","","","","","","","","","","","","","","","","15","1.1170339552305075","","0.7259597778320312","1.0673048496246338","0.07893991309310555"
"good-sweep-418","","finished","-","","","2026-02-06T19:16:30.000Z","31","0q7pb3yf","1","128","0.5","true","150","gat","64","0.0006947321498247311","","","","0.0001","","sgd","3","","","","","","","","","","","","","","","","","15","1.132844047343477","1.224738780189963","0.6858357191085815","1.0271472930908203","0.07823357943967768"
"icy-sweep-34","","finished","-","","","2026-02-06T14:23:17.000Z","20","0q7pb3yf","1","64","0","true","150","gat","30","0.0014660944645507874","","","","0.0001","","sgd","2","","","","","","","","","","","","","","","","","15","1.1175695523138969","1.2969202960238737","0.703113317489624","1.0274776220321655","0.07793709131258264"
"earthy-sweep-1092","","finished","-","","","2026-02-07T04:05:08.000Z","31","0q7pb3yf","2","64","0.3","true","100","gcn","43","0.0005950977604026889","","","","0.0001","","sgd","1","","","","","","","","","","","","","","","","","15","1.1061444224849823","1.2809141190613018","0.6967689990997314","1.027604341506958","0.07782343962264981"
"pleasant-sweep-365","","finished","-","","","2026-02-06T18:41:12.000Z","37","0q7pb3yf","4","128","0.5","false","100","gat","8","0.0003178969894656639","","","","0.0001","","adam","3","","","","","","","","","","","","","","","","","15","1.102691226817192","","0.7693370580673218","1.0686713457107544","0.07776059172338612"
"misty-sweep-158","","finished","-","","","2026-02-06T16:01:03.000Z","72","0q7pb3yf","8","256","0.3","true","50","gat","80","0.002118543818168241","","","","0.0001","","sgd","3","","","","","","","","","","","","","","","","","15","1.1562988211711247","1.2831339571211071","0.7295945286750793","1.027678370475769","0.0777569910929673"
"fanciful-sweep-247","","finished","-","","","2026-02-06T17:13:05.000Z","16","0q7pb3yf","8","128","0","true","150","gcn","24","0.008117920183493107","","","","0.0001","","sgd","3","","","","","","","","","","","","","","","","","15","1.0254519214021398","1.304385683115791","0.6628202795982361","1.0278725624084473","0.07758273610916833"
"dulcet-sweep-409","","finished","-","","","2026-02-06T19:11:05.000Z","31","0q7pb3yf","1","64","0.5","true","100","gat","57","0.005833976455602669","","","","0.0001","","adam","2","","","","","","","","","","","","","","","","","15","1.0578438777436492","1.2768675159005558","0.6583091020584106","1.0279746055603027","0.07749114484524822"
"silver-sweep-770","","finished","-","","","2026-02-06T23:54:59.000Z","17","0q7pb3yf","1","64","0.3","true","150","gat","76","0.0012169922603182284","","","","0.0001","","adam","1","","","","","","","","","","","","","","","","","15","1.0748006560469183","1.2922226523651796","0.6571120023727417","1.028242588043213","0.07725064062681397"
"glamorous-sweep-240","","finished","-","","","2026-02-06T17:07:17.000Z","35","0q7pb3yf","4","32","0.5","false","50","gat","8","0.001690324613087101","","","","0.0001","","sgd","1","","","","","","","","","","","","","","","","","15","1.0514614625323204","","0.6750916242599487","1.0697617530822754","0.07681966145594576"
"exalted-sweep-695","","finished","-","","","2026-02-06T22:55:52.000Z","21","0q7pb3yf","8","128","0.5","false","50","gcn","17","0.0009933075259950285","","","","0.0001","","sgd","2","","","","","","","","","","","","","","","","","15","1.1475822608521644","","0.7233567237854004","1.0698628425598145","0.07673234873350687"
"cool-sweep-1018","","finished","-","","","2026-02-07T03:03:51.000Z","45","0q7pb3yf","2","32","0.5","true","50","gat","33","0.00026847035090451864","","","","0.0001","","sgd","1","","","","","","","","","","","","","","","","","15","1.4347823371169388","1.288223262218868","0.7368906736373901","1.0295535326004028","0.07607411780411044"
"daily-sweep-88","","finished","-","","","2026-02-06T15:08:57.000Z","19","0q7pb3yf","1","256","0.3","true","100","gat","122","0.004825733926686238","","","","0.0001","","sgd","2","","","","","","","","","","","","","","","","","15","1.1106333682934444","1.296610289149814","0.679057776927948","1.0300651788711548","0.07561496107655641"
"grateful-sweep-360","","finished","-","","","2026-02-06T18:36:07.000Z","70","0q7pb3yf","8","128","0.5","true","50","gat","60","0.0014684237424470502","","","","0.0001","","sgd","1","","","","","","","","","","","","","","","","","15","1.2633183002471924","1.3217148745761198","0.731579065322876","1.0300787687301636","0.07560292329827034"
"swift-sweep-1000","","finished","-","","","2026-02-07T02:50:24.000Z","51","0q7pb3yf","4","32","0.3","true","50","gat","47","0.00043877451629808774","","","","0.0001","","sgd","1","","","","","","","","","","","","","","","","","15","1.2488006290889555","1.282110230449368","0.7128239870071411","1.0301097631454468","0.07557509139835938"
"swift-sweep-844","","finished","-","","","2026-02-07T00:55:48.000Z","112","0q7pb3yf","4","64","0","true","150","gat","93","0.0001479574921959714","","","","0.0001","","sgd","2","","","","","","","","","","","","","","","","","15","1.146833176574399","1.3222475630395554","0.6988924145698547","1.0301605463027954","0.0755293942379045"
"breezy-sweep-756","","finished","-","","","2026-02-06T23:47:25.000Z","15","0q7pb3yf","1","256","0","true","150","gat","85","0.006043270724321906","","","","0.0001","","adam","3","","","","","","","","","","","","","","","","","15","0.9558888375759124","1.5254130231009588","0.6331374049186707","1.030381679534912","0.07533098274640015"
"fanciful-sweep-19","","finished","-","","","2026-02-06T14:09:23.000Z","35","0q7pb3yf","4","128","0.5","false","100","gcn","120","0.00028917177734272433","","","","0.0001","","sgd","3","","","","","","","","","","","","","","","","","15","1.1356502390922385","","0.7109555006027222","1.071514129638672","0.07530740980721695"
"sweepy-sweep-771","","finished","-","","","2026-02-06T23:55:21.000Z","16","0q7pb3yf","2","32","0.3","true","150","gcn","87","0.0051530171979178325","","","","0.0001","","sgd","1","","","","","","","","","","","","","","","","","15","0.9770239585189407","1.4335814477766262","0.6423918008804321","1.0304538011550903","0.0752663076111717"
"elated-sweep-203","","finished","-","","","2026-02-06T16:37:01.000Z","14","0q7pb3yf","2","256","0.3","true","100","gcn","81","0.006697645237471335","","","","0.0001","","sgd","1","","","","","","","","","","","","","","","","","15","1.0496053472161293","1.3413338793648617","0.6573982834815979","1.0312851667404177","0.07452020542614068"
"major-sweep-803","","finished","-","","","2026-02-07T00:25:03.000Z","72","0q7pb3yf","2","32","0","true","150","gat","108","0.00027432233200778755","","","","0.0001","","sgd","1","","","","","","","","","","","","","","","","","15","1.1352514333382089","1.3186715122531445","0.71678227186203","1.0314794778823853","0.07434582029160985"
"sleek-sweep-1024","","finished","-","","","2026-02-07T03:08:16.000Z","61","0q7pb3yf","2","256","0.5","false","150","gat","49","0.0005107301181556535","","","","0.0001","","sgd","3","","","","","","","","","","","","","","","","","15","1.184702145556609","","0.7312434911727905","1.0727475881576538","0.07424297118628498"
"classic-sweep-686","","finished","-","","","2026-02-06T22:50:34.000Z","79","0q7pb3yf","8","32","0.5","false","100","gat","36","0.0002032174434193902","","","","0.0001","","sgd","2","","","","","","","","","","","","","","","","","15","1.187744379684489","","0.7371978759765625","1.072845458984375","0.0741585397724972"
"lunar-sweep-388","","finished","-","","","2026-02-06T18:55:05.000Z","25","0q7pb3yf","1","256","0.3","true","100","gat","37","0.0015241124192486586","","","","0.0001","","sgd","1","","","","","","","","","","","","","","","","","15","1.3911295185486476","1.3053716288672552","0.6879879832267761","1.031697392463684","0.07415021664991284"
"earthy-sweep-349","","finished","-","","","2026-02-06T18:25:40.000Z","72","0q7pb3yf","4","32","0.3","true","150","gcn","91","0.00013481753897260753","","","","0.0001","","sgd","1","","","","","","","","","","","","","","","","","15","1.1156991020005236","1.300546505871941","0.6999884843826294","1.0320286750793457","0.07385291759861523"
"peach-sweep-321","","finished","-","","","2026-02-06T18:03:57.000Z","30","0q7pb3yf","2","64","0.3","true","50","gat","118","0.006799898842333859","","","","0.0001","","sgd","1","","","","","","","","","","","","","","","","","15","1.0010881180404334","1.4649453566354864","0.7943302392959595","1.0324712991714478","0.07345575717647534"
"dandy-sweep-1065","","finished","-","","","2026-02-07T03:47:42.000Z","33","0q7pb3yf","1","64","0.3","true","100","gat","109","0.00019669188548798573","","","","0.0001","","sgd","3","","","","","","","","","","","","","","","","","15","1.4232845184623557","1.2698373373816996","0.7166163325309753","1.0331988334655762","0.07280283753668515"
"dauntless-sweep-114","","finished","-","","","2026-02-06T15:29:31.000Z","38","0q7pb3yf","1","256","0.5","false","100","gat","103","0.007107177074685934","","","","0.0001","","sgd","1","","","","","","","","","","","","","","","","","15","1.0502159371972084","","0.7917109727859497","1.074429273605347","0.07279170423150116"
"fiery-sweep-322","","finished","-","","","2026-02-06T18:04:30.000Z","16","0q7pb3yf","4","32","0.3","true","50","gcn","52","0.003978449910898166","","","","0.0001","","adam","1","","","","","","","","","","","","","","","","","15","0.9697920615955066","1.5795171821818632","0.6462117433547974","1.0333443880081177","0.07267220088983883"
"giddy-sweep-93","","finished","-","","","2026-02-06T15:11:41.000Z","42","0q7pb3yf","1","128","0.3","true","150","gat","40","0.00019473337256026995","","","","0.0001","","sgd","3","","","","","","","","","","","","","","","","","15","1.3437699206331943","1.257379998179043","0.7056169509887695","1.0334464311599731","0.07258063110242363"
"jumping-sweep-47","","finished","-","","","2026-02-06T14:32:47.000Z","32","0q7pb3yf","2","128","0.3","true","150","gcn","57","0.0006811637498006295","","","","0.0001","","sgd","3","","","","","","","","","","","","","","","","","15","1.071655090819014","1.2558312977061552","0.6972172260284424","1.0338871479034424","0.07218517629761079"
"light-sweep-863","","finished","-","","","2026-02-07T01:09:17.000Z","32","0q7pb3yf","2","64","0.3","true","50","gat","23","0.0012437724280075495","","","","0.0001","","sgd","1","","","","","","","","","","","","","","","","","15","1.2064425381281043","1.3164481573245104","0.7590615749359131","1.0338902473449707","0.07218231893638594"
"dashing-sweep-866","","finished","-","","","2026-02-07T01:11:49.000Z","60","0q7pb3yf","2","64","0.3","true","100","gat","15","0.0001845856058486937","","","","0.0001","","sgd","1","","","","","","","","","","","","","","","","","15","1.3895755435830803","1.3019300068126003","0.7319629192352295","1.0340237617492676","0.07206256677257317"
"breezy-sweep-419","","finished","-","","","2026-02-06T19:17:03.000Z","20","0q7pb3yf","1","128","0.5","true","100","gcn","55","0.0012756600890093837","","","","0.0001","","sgd","2","","","","","","","","","","","","","","","","","15","1.1008617015595132","1.2771535305415882","0.6864896416664124","1.0342364311218262","0.07187179126989307"
"crimson-sweep-190","","finished","-","","","2026-02-06T16:25:14.000Z","29","0q7pb3yf","1","64","0.3","true","50","gat","41","0.0003371495859147977","","","","0.0001","","sgd","3","","","","","","","","","","","","","","","","","15","1.2198570329014973","1.241027567316504","0.7194148898124695","1.0347927808761597","0.07137243299991625"
"rosy-sweep-311","","finished","-","","","2026-02-06T17:58:29.000Z","17","0q7pb3yf","2","256","0.5","true","50","gcn","101","0.004922262221927224","","","","0.0001","","sgd","2","","","","","","","","","","","","","","","","","15","1.051825279990832","1.313628315925598","0.6680914759635925","1.0348446369171145","0.07132586789141715"
"crimson-sweep-533","","finished","-","","","2026-02-06T20:38:35.000Z","37","0q7pb3yf","4","256","0.3","true","100","gat","25","0.003904308049068946","","","","0.0001","","sgd","1","","","","","","","","","","","","","","","","","15","1.187125248213609","1.331451349788242","0.7487781047821045","1.0349642038345337","0.07121861070452529"
"effortless-sweep-1085","","finished","-","","","2026-02-07T03:59:33.000Z","62","0q7pb3yf","2","256","0.3","false","150","gat","53","0.0003892595246157758","","","","0.0001","","sgd","2","","","","","","","","","","","","","","","","","15","1.303434669971466","","0.7278676629066467","1.07631516456604","0.07116417814061093"
"laced-sweep-505","","finished","-","","","2026-02-06T20:18:20.000Z","32","0q7pb3yf","1","128","0.5","true","150","gat","23","0.0004952368577559536","","","","0.0001","","sgd","2","","","","","","","","","","","","","","","","","15","1.2020225106401647","1.2288409541634953","0.6991399526596069","1.035250902175903","0.07096136771104467"
"graceful-sweep-46","","finished","-","","","2026-02-06T14:32:25.000Z","18","0q7pb3yf","2","32","0.3","true","100","gcn","39","0.004486386053062981","","","","0.0001","","sgd","3","","","","","","","","","","","","","","","","","15","0.9683467349217784","1.393103999250075","0.6402631402015686","1.035627365112305","0.07062344644031193"
"lyric-sweep-239","","finished","-","","","2026-02-06T17:06:54.000Z","19","0q7pb3yf","2","128","0.5","true","100","gat","13","0.002865806373403169","","","","0.0001","","sgd","2","","","","","","","","","","","","","","","","","15","1.116099644214549","1.2391968965530396","0.6894049048423767","1.036156177520752","0.07014884579455238"
"clean-sweep-421","","finished","-","","","2026-02-06T19:17:58.000Z","22","0q7pb3yf","1","128","0.5","false","50","gat","76","0.00053646496694962","","","","0.0001","","sgd","3","","","","","","","","","","","","","","","","","15","1.283320225299673","","0.7200877070426941","1.077906370162964","0.06979098647575277"
"laced-sweep-762","","finished","-","","","2026-02-06T23:50:09.000Z","18","0q7pb3yf","1","256","0","true","150","gat","45","0.0010484463125983987","","","","0.0001","","adam","2","","","","","","","","","","","","","","","","","15","1.1010012899835904","1.2702635924021404","0.7110394835472107","1.036632418632507","0.06972156818816844"
"trim-sweep-220","","finished","-","","","2026-02-06T16:48:34.000Z","90","0q7pb3yf","4","256","0.3","true","150","gat","51","0.0005919041935081615","","","","0.0001","","sgd","3","","","","","","","","","","","","","","","","","15","1.224164937933286","1.250560310151842","0.7166105508804321","1.0366743803024292","0.06968390688363368"
"denim-sweep-855","","finished","-","","","2026-02-07T01:03:09.000Z","30","0q7pb3yf","1","64","0.3","true","100","gcn","94","0.0005631068904059197","","","","0.0001","","sgd","1","","","","","","","","","","","","","","","","","15","1.0971494509327795","1.2934305282200085","0.6872045993804932","1.037087321281433","0.06931330502597133"
"stilted-sweep-295","","finished","-","","","2026-02-06T17:48:34.000Z","214","0q7pb3yf","8","256","0","true","150","gat","121","0.0009290451675440214","","","","0.0001","","sgd","3","","","","","","","","","","","","","","","","","15","1.1900731846690178","1.3234204318788316","0.7240408062934875","1.0372469425201416","0.06917009064108415"
"decent-sweep-11","","finished","-","","","2026-02-06T14:03:45.000Z","93","0q7pb3yf","8","32","0.3","true","150","gcn","41","0.00014758809564263193","","","","0.0001","","sgd","1","","","","","","","","","","","","","","","","","15","1.134590178567876","1.2778996676206589","0.6930034160614014","1.037250280380249","0.06916703288806791"
"olive-sweep-453","","finished","-","","","2026-02-06T19:38:17.000Z","108","0q7pb3yf","8","32","0","true","100","gat","66","0.00014765899543022133","","","","0.0001","","sgd","1","","","","","","","","","","","","","","","","","15","1.154769743482272","1.3195205567514194","0.7171979546546936","1.0373951196670532","0.06903714478543022"
"lively-sweep-1082","","finished","-","","","2026-02-07T03:57:50.000Z","19","0q7pb3yf","2","128","0","false","50","gat","22","0.003993772153922773","","","","0.0001","","sgd","1","","","","","","","","","","","","","","","","","15","1.0974304308282568","","0.7172983288764954","1.0793735980987549","0.06852490835636915"
"atomic-sweep-248","","finished","-","","","2026-02-06T17:13:27.000Z","46","0q7pb3yf","1","128","0","true","100","gat","81","0.0001867075684989395","","","","0.0001","","sgd","2","","","","","","","","","","","","","","","","","15","1.1971698656995249","1.3289003792931051","0.7023351192474365","1.03802490234375","0.06847195054035449"
"neat-sweep-106","","finished","-","","","2026-02-06T15:23:54.000Z","36","0q7pb3yf","1","128","0","false","100","gat","94","0.000693787668369777","","","","0.0001","","sgd","3","","","","","","","","","","","","","","","","","15","1.1050444067792689","","0.7269830107688904","1.07975435256958","0.06819614580733491"
"feasible-sweep-612","","finished","-","","","2026-02-06T21:49:26.000Z","35","0q7pb3yf","2","256","0.3","false","50","gat","45","0.0012866952606603763","","","","0.0001","","sgd","2","","","","","","","","","","","","","","","","","15","1.2737616052230198","","0.7101539373397827","1.0802617073059082","0.06775847315776917"
"stoic-sweep-804","","finished","-","","","2026-02-07T00:26:19.000Z","16","0q7pb3yf","1","256","0.3","true","150","gat","94","0.0017447056832726915","","","","0.0001","","sgd","2","","","","","","","","","","","","","","","","","15","1.4454804410537083","1.338444431622823","0.7260139584541321","1.038875699043274","0.06770839810151319"
"polar-sweep-840","","finished","-","","","2026-02-07T00:52:17.000Z","99","0q7pb3yf","8","32","0.5","false","100","gat","63","0.00013157123107103167","","","","0.0001","","sgd","3","","","","","","","","","","","","","","","","","15","1.193017154291112","","0.7455010414123535","1.0809425115585327","0.06717090824818905"
"happy-sweep-643","","finished","-","","","2026-02-06T22:14:50.000Z","14","0q7pb3yf","1","256","0.5","true","50","gat","80","0.003381648571277492","","","","0.0001","","sgd","3","","","","","","","","","","","","","","","","","15","1.1433203915754957","1.2038279506895275","0.6944862008094788","1.0394881963729858","0.06715877988015384"
"kind-sweep-160","","finished","-","","","2026-02-06T16:03:02.000Z","20","0q7pb3yf","8","64","0.5","true","100","gcn","12","0.0012502637579407416","","","","0.0001","","sgd","2","","","","","","","","","","","","","","","","","15","1.085062284623423","1.224199992768905","0.69392329454422","1.039515495300293","0.06713430200975745"
"leafy-sweep-668","","finished","-","","","2026-02-06T22:34:50.000Z","38","0q7pb3yf","4","64","0.5","true","100","gcn","55","0.0003377849791996368","","","","0.0001","","sgd","1","","","","","","","","","","","","","","","","","15","1.164040121980893","1.2831609056276434","0.700873613357544","1.0398586988449097","0.06682627916428241"
"summer-sweep-659","","finished","-","","","2026-02-06T22:30:34.000Z","18","0q7pb3yf","4","256","0.3","true","50","gcn","64","0.004680733466897207","","","","0.0001","","sgd","3","","","","","","","","","","","","","","","","","15","1.0616045196851094","1.287037902408176","0.6796709895133972","1.0399041175842283","0.06678554798931302"
"gallant-sweep-458","","finished","-","","","2026-02-06T19:41:55.000Z","43","0q7pb3yf","4","256","0.5","true","50","gat","61","0.0015593862498765748","","","","0.0001","","sgd","2","","","","","","","","","","","","","","","","","15","1.3320697272817297","1.2982655101352267","0.7409139275550842","1.0402098894119265","0.0665112333509773"
"earthy-sweep-906","","finished","-","","","2026-02-07T01:48:12.000Z","33","0q7pb3yf","4","256","0.5","true","50","gat","102","0.000490606543425934","","","","0.0001","","adam","3","","","","","","","","","","","","","","","","","15","1.194244705140591","1.375528163380093","0.7673845887184143","1.0403133630752563","0.06641825148584879"
"jumping-sweep-545","","finished","-","","","2026-02-06T20:49:35.000Z","35","0q7pb3yf","1","128","0.3","true","150","gcn","97","0.0005921479447745467","","","","0.0001","","sgd","2","","","","","","","","","","","","","","","","","15","1.0994717643616048","1.2777742953861462","0.7022416591644287","1.0404047966003418","0.0663361856822059"
"flowing-sweep-214","","finished","-","","","2026-02-06T16:45:01.000Z","23","0q7pb3yf","1","256","0.5","true","150","gat","20","0.0016774295051976765","","","","0.0001","","sgd","3","","","","","","","","","","","","","","","","","15","1.140493261317412","1.2206358313560486","0.6905925273895264","1.0406605005264282","0.0661067188627481"
"hopeful-sweep-898","","finished","-","","","2026-02-07T01:40:18.000Z","19","0q7pb3yf","2","64","0","true","100","gat","106","0.0010187509346033085","","","","0.0001","","sgd","2","","","","","","","","","","","","","","","","","15","1.1626719210737495","1.3293427562012392","0.712134838104248","1.0407066345214844","0.06606537658803957"
"firm-sweep-1042","","finished","-","","","2026-02-07T03:25:57.000Z","70","0q7pb3yf","4","128","0","true","100","gat","70","0.0003314965985224578","","","","0.0001","","sgd","3","","","","","","","","","","","","","","","","","15","1.1661805332975184","1.3004485193420858","0.7117849588394165","1.0409337282180786","0.0658615241601197"
"graceful-sweep-602","","finished","-","","","2026-02-06T21:39:06.000Z","25","0q7pb3yf","1","64","0","true","150","gat","26","0.0006205953336964653","","","","0.0001","","adam","1","","","","","","","","","","","","","","","","","15","1.065172253116485","1.2769111605251535","0.7295743823051453","1.0412715673446655","0.06555838352741716"
"rose-sweep-331","","finished","-","","","2026-02-06T18:11:44.000Z","43","0q7pb3yf","1","32","0","true","50","gat","65","0.000303399762600011","","","","0.0001","","sgd","1","","","","","","","","","","","","","","","","","15","1.1738472699478109","1.332360401749611","0.7082614898681641","1.0414094924926758","0.06543462232230957"
"stellar-sweep-514","","finished","-","","","2026-02-06T20:25:03.000Z","22","0q7pb3yf","2","128","0","true","100","gat","30","0.001226995128969443","","","","0.0001","","adam","3","","","","","","","","","","","","","","","","","15","1.08292662590108","1.2702359697398018","0.7041085362434387","1.041429877281189","0.06541630950969901"
"worldly-sweep-640","","finished","-","","","2026-02-06T22:13:28.000Z","31","0q7pb3yf","2","128","0.5","true","150","gcn","52","0.000725696134383745","","","","0.0001","","sgd","2","","","","","","","","","","","","","","","","","15","1.133296898070802","1.2645850707502926","0.7056084871292114","1.0419163703918457","0.06497978712299413"
"worthy-sweep-314","","finished","-","","","2026-02-06T17:59:46.000Z","42","0q7pb3yf","2","32","0.3","true","100","gcn","58","0.00032364248599637196","","","","0.0001","","sgd","1","","","","","","","","","","","","","","","","","15","1.101601138550748","1.2906928443733383","0.6966625452041626","1.0421711206436155","0.06475106072878067"
"celestial-sweep-64","","finished","-","","","2026-02-06T14:50:52.000Z","60","0q7pb3yf","8","32","0.5","true","50","gat","60","0.0003479950379748279","","","","0.0001","","sgd","1","","","","","","","","","","","","","","","","","15","1.301675497844655","1.320734993499868","0.7462272644042969","1.042450785636902","0.06450021095091596"
"robust-sweep-933","","finished","-","","","2026-02-07T02:06:02.000Z","22","0q7pb3yf","2","128","0.5","true","100","gat","58","0.001692126993941014","","","","0.0001","","sgd","1","","","","","","","","","","","","","","","","","15","1.2838702214525102","1.313027837697197","0.7526371479034424","1.0424596071243286","0.06449223134790283"
"earnest-sweep-466","","finished","-","","","2026-02-06T19:48:12.000Z","35","0q7pb3yf","4","64","0.3","true","50","gat","27","0.00011374022908813234","","","","0.0001","","adam","3","","","","","","","","","","","","","","","","","15","1.1598077211328732","1.2899694951141585","0.751813530921936","1.0424665212631226","0.06448599723124082"
"gentle-sweep-807","","finished","-","","","2026-02-07T00:27:25.000Z","18","0q7pb3yf","1","256","0.3","true","100","gat","45","0.000607363804784129","","","","0.0001","","adam","1","","","","","","","","","","","","","","","","","15","1.4382008810838065","1.2896911303202312","0.7420476675033569","1.042597770690918","0.06436827016181257"
"dainty-sweep-1012","","finished","-","","","2026-02-07T02:59:42.000Z","45","0q7pb3yf","1","256","0.5","false","150","gat","37","0.000168271257355281","","","","0.0001","","adam","1","","","","","","","","","","","","","","","","","15","1.2675198887785275","","0.7746034264564514","1.084336519241333","0.06424191599606921"
"sweet-sweep-548","","finished","-","","","2026-02-06T20:55:20.000Z","48","0q7pb3yf","8","256","0","true","50","gat","100","0.00023529170571922063","","","","0.0001","","adam","1","","","","","","","","","","","","","","","","","15","1.2449794138471286","1.353569746017456","0.7153578400611877","1.0431370735168457","0.06388424778076174"
"curious-sweep-225","","finished","-","","","2026-02-06T16:52:43.000Z","43","0q7pb3yf","8","128","0","true","150","gcn","128","0.0003945815991690417","","","","0.0001","","sgd","3","","","","","","","","","","","","","","","","","15","1.0659856276309236","1.2664386665119844","0.6981680989265442","1.0435612201690674","0.06350355416971032"
"sage-sweep-846","","finished","-","","","2026-02-07T00:58:19.000Z","16","0q7pb3yf","1","256","0.3","true","100","gcn","60","0.003471699587094126","","","","0.0001","","sgd","1","","","","","","","","","","","","","","","","","15","1.1185583372910817","1.3071801000171237","0.7120617628097534","1.0436744689941406","0.06340196967876055"
"devoted-sweep-673","","finished","-","","","2026-02-06T22:37:39.000Z","20","0q7pb3yf","2","256","0.3","true","150","gcn","112","0.0018988554009093505","","","","0.0001","","sgd","2","","","","","","","","","","","","","","","","","15","1.071930567423503","1.3031269311904907","0.6810634136199951","1.043680191040039","0.06339685623368141"
"divine-sweep-850","","finished","-","","","2026-02-07T01:00:18.000Z","38","0q7pb3yf","2","256","0.3","true","50","gat","35","0.0016445408772007696","","","","0.0001","","sgd","2","","","","","","","","","","","","","","","","","15","1.3769880880912144","1.296039448844062","0.6933421492576599","1.0442179441452026","0.06291428984936165"
"autumn-sweep-202","","finished","-","","","2026-02-06T16:36:28.000Z","31","0q7pb3yf","1","256","0","false","100","gat","69","0.006905264875937102","","","","0.0001","","sgd","1","","","","","","","","","","","","","","","","","15","1.0436238100131352","","0.7867366671562195","1.086300492286682","0.06254715039443115"
"sparkling-sweep-700","","finished","-","","","2026-02-06T23:01:00.000Z","54","0q7pb3yf","4","128","0.5","false","150","gat","14","0.0002417538296136783","","","","0.0001","","sgd","2","","","","","","","","","","","","","","","","","15","1.266482448324244","","0.7333874106407166","1.086660623550415","0.06223634538318812"
"serene-sweep-667","","finished","-","","","2026-02-06T22:34:18.000Z","31","0q7pb3yf","4","256","0","false","100","gcn","92","0.000766753215359332","","","","0.0001","","sgd","1","","","","","","","","","","","","","","","","","15","1.1206467176477115","","0.7258327603340149","1.087230920791626","0.06174412354661751"
"silvery-sweep-626","","finished","-","","","2026-02-06T22:00:20.000Z","27","0q7pb3yf","4","32","0.3","true","150","gat","95","0.0007853538862314316","","","","0.0001","","adam","2","","","","","","","","","","","","","","","","","15","1.0101902935133185","1.5599952787160871","0.8329784870147705","1.046013355255127","0.0613030493818304"
"frosty-sweep-38","","finished","-","","","2026-02-06T14:26:59.000Z","49","0q7pb3yf","2","256","0.3","true","150","gat","65","0.0004760826553245046","","","","0.0001","","sgd","3","","","","","","","","","","","","","","","","","15","1.3647229671478271","1.2983041339450412","0.7135886549949646","1.0460292100906372","0.06128886386347698"
"dainty-sweep-288","","finished","-","","","2026-02-06T17:43:33.000Z","39","0q7pb3yf","8","64","0.3","true","50","gat","25","0.0007662019391552633","","","","0.0001","","sgd","1","","","","","","","","","","","","","","","","","15","1.2242041928793794","1.3303713763461391","0.7452749609947205","1.0471749305725098","0.06026061669300575"
"polished-sweep-470","","finished","-","","","2026-02-06T19:51:49.000Z","49","0q7pb3yf","2","32","0","true","50","gat","63","0.00014237515391685689","","","","0.0001","","sgd","2","","","","","","","","","","","","","","","","","15","1.2062891556691098","1.3184061637696098","0.7083938717842102","1.047322392463684","0.06012833467814249"
"genial-sweep-905","","finished","-","","","2026-02-07T01:47:29.000Z","40","0q7pb3yf","4","32","0","true","50","gcn","112","0.0002029086280184212","","","","0.0001","","sgd","2","","","","","","","","","","","","","","","","","15","1.0691633804510998","1.2866768205867094","0.6945171356201172","1.047835111618042","0.05966821583439397"
"zany-sweep-130","","finished","-","","","2026-02-06T15:42:12.000Z","25","0q7pb3yf","2","128","0","true","50","gat","58","0.0006159996298545554","","","","0.0001","","sgd","2","","","","","","","","","","","","","","","","","15","1.1839776140578249","1.3310987563694223","0.7000301480293274","1.048029541969299","0.059493736125249774"
"dauntless-sweep-436","","finished","-","","","2026-02-06T19:26:11.000Z","37","0q7pb3yf","8","128","0","true","150","gat","40","0.0016107998772587509","","","","0.0001","","sgd","1","","","","","","","","","","","","","","","","","15","1.141786570244647","1.325407021185931","0.689883828163147","1.0486295223236084","0.0589553259899136"
"woven-sweep-195","","finished","-","","","2026-02-06T16:29:41.000Z","39","0q7pb3yf","2","128","0.3","true","100","gat","18","0.00014846001140450698","","","","0.0001","","adam","3","","","","","","","","","","","","","","","","","15","1.2408050450872867","1.2594093434950884","0.7467228174209595","1.0486427545547483","0.05894339012812111"
"spring-sweep-991","","finished","-","","","2026-02-07T02:43:26.000Z","50","0q7pb3yf","4","256","0.3","true","50","gat","78","0.00014417723732336072","","","","0.0001","","adam","1","","","","","","","","","","","","","","","","","15","1.3309420223037405","1.3342987696329751","0.7609296441078186","1.0486547946929932","0.05893269057348427"
"hardy-sweep-263","","finished","-","","","2026-02-06T17:24:23.000Z","26","0q7pb3yf","1","64","0.3","false","50","gcn","94","0.0002706255842292376","","","","0.0001","","sgd","3","","","","","","","","","","","","","","","","","15","1.1332102860173872","","0.7234082818031311","1.090984344482422","0.05850508949229427"
"rural-sweep-1083","","finished","-","","","2026-02-07T03:58:12.000Z","21","0q7pb3yf","2","64","0","false","50","gcn","75","0.0004677473233682769","","","","0.0001","","sgd","1","","","","","","","","","","","","","","","","","15","1.107245525365235","","0.7263638377189636","1.0919350385665894","0.0576845565284031"
"curious-sweep-449","","finished","-","","","2026-02-06T19:34:51.000Z","61","0q7pb3yf","4","128","0.5","false","50","gat","121","0.00020802606370171737","","","","0.0001","","adam","1","","","","","","","","","","","","","","","","","15","1.0693419892737206","","0.8153128027915955","1.092210054397583","0.057447280670168355"
"feasible-sweep-279","","finished","-","","","2026-02-06T17:37:22.000Z","17","0q7pb3yf","4","256","0","true","50","gcn","96","0.0031345645627979916","","","","0.0001","","sgd","3","","","","","","","","","","","","","","","","","15","1.0341204355160396","1.320744872093201","0.6747827529907227","1.050823211669922","0.056986625379680134"
"stellar-sweep-12","","finished","-","","","2026-02-06T14:05:22.000Z","21","0q7pb3yf","2","256","0.5","true","50","gcn","96","0.001363919688440443","","","","0.0001","","sgd","2","","","","","","","","","","","","","","","","","15","1.140633185704549","1.299591647254096","0.6993297934532166","1.0509002208709717","0.05691753307739355"
"cerulean-sweep-199","","finished","-","","","2026-02-06T16:34:01.000Z","19","0q7pb3yf","2","128","0.3","true","50","gat","39","0.005080193064813621","","","","0.0001","","sgd","2","","","","","","","","","","","","","","","","","15","1.0823104229379208","1.3750423263101017","0.7814070582389832","1.0509085655212402","0.05691003646942416"
"clean-sweep-304","","finished","-","","","2026-02-06T17:55:43.000Z","17","0q7pb3yf","1","128","0","true","50","gat","98","0.00026801581957611225","","","","0.0001","","adam","3","","","","","","","","","","","","","","","","","15","1.0868948989726128","1.298300259253558","0.683901309967041","1.0510592460632324","0.05677488216161275"
"eternal-sweep-387","","finished","-","","","2026-02-06T18:53:27.000Z","97","0q7pb3yf","4","32","0.5","true","150","gat","108","0.00015152186345363084","","","","0.0001","","sgd","1","","","","","","","","","","","","","","","","","15","1.417609903280453","1.33505377787001","0.7557039856910706","1.0510770082473757","0.05675888780030347"
"confused-sweep-859","","finished","-","","","2026-02-07T01:05:46.000Z","75","0q7pb3yf","1","32","0.5","true","100","gcn","63","0.00011833535707307523","","","","0.0001","","sgd","2","","","","","","","","","","","","","","","","","15","1.1424303158957472","1.2572799079558428","0.7104145288467407","1.0515000820159912","0.05637927094202677"
"smooth-sweep-424","","finished","-","","","2026-02-06T19:19:10.000Z","25","0q7pb3yf","4","64","0","false","50","gat","15","0.0009718087401885931","","","","0.0001","","sgd","1","","","","","","","","","","","","","","","","","15","1.104567349918427","","0.7153509855270386","1.093765377998352","0.056105075855326425"
"driven-sweep-368","","finished","-","","","2026-02-06T18:42:56.000Z","23","0q7pb3yf","1","32","0","true","50","gat","80","0.008378745620361075","","","","0.0001","","sgd","1","","","","","","","","","","","","","","","","","15","1.0349717066493085","1.4560244477847044","0.6561493277549744","1.051850438117981","0.0560648589310323"
"expert-sweep-633","","finished","-","","","2026-02-06T22:09:08.000Z","44","0q7pb3yf","2","64","0.5","true","100","gcn","107","0.00024378696621957376","","","","0.0001","","sgd","1","","","","","","","","","","","","","","","","","15","1.165543819627454","1.2899986102300531","0.7059177756309509","1.0522106885910034","0.05574159616178209"
"rosy-sweep-1008","","finished","-","","","2026-02-07T02:57:21.000Z","23","0q7pb3yf","2","32","0","true","50","gat","122","0.0008576729643863521","","","","0.0001","","sgd","2","","","","","","","","","","","","","","","","","15","1.1156926106220932","1.3192952097777058","0.6760612726211548","1.0522953271865845","0.05566566915734583"
"youthful-sweep-1028","","finished","-","","","2026-02-07T03:11:36.000Z","92","0q7pb3yf","8","128","0","true","100","gat","44","0.0004018963156240199","","","","0.0001","","sgd","2","","","","","","","","","","","","","","","","","15","1.1663483672953667","1.3060873676748836","0.7092092037200928","1.0524204969406128","0.05555328688423755"
"hopeful-sweep-181","","finished","-","","","2026-02-06T16:19:32.000Z","43","0q7pb3yf","2","32","0.5","false","50","gat","69","0.009810110217999468","","","","0.0001","","adam","1","","","","","","","","","","","","","","","","","15","1.1285931224464087","","0.7040684223175049","1.094931721687317","0.055098475594014706"
"lilac-sweep-59","","finished","-","","","2026-02-06T14:46:11.000Z","39","0q7pb3yf","4","32","0","true","50","gcn","118","0.0001683121777945332","","","","0.0001","","sgd","3","","","","","","","","","","","","","","","","","15","1.0932884088126562","1.2534186204566675","0.7068079113960266","1.0532176494598389","0.05483781975180379"
"ancient-sweep-730","","finished","-","","","2026-02-06T23:26:21.000Z","23","0q7pb3yf","2","256","0.5","true","150","gcn","40","0.001451407950502456","","","","0.0001","","sgd","1","","","","","","","","","","","","","","","","","15","1.214003289739291","1.289347489674886","0.7017948031425476","1.0533064603805542","0.054758212657675887"
"lively-sweep-586","","finished","-","","","2026-02-06T21:28:40.000Z","14","0q7pb3yf","1","128","0.5","true","150","gat","60","0.0023643245959213553","","","","0.0001","","adam","1","","","","","","","","","","","","","","","","","15","1.1153138165778302","1.371571561869453","0.7922275066375732","1.0534427165985107","0.05463589259855828"
"fiery-sweep-646","","finished","-","","","2026-02-06T22:16:12.000Z","57","0q7pb3yf","2","256","0","true","150","gat","86","0.00035779201123925476","","","","0.0001","","sgd","1","","","","","","","","","","","","","","","","","15","1.2102755506833394","1.3819160726335311","0.7124310731887817","1.053505539894104","0.05457954522904873"
"atomic-sweep-712","","finished","-","","","2026-02-06T23:09:47.000Z","58","0q7pb3yf","4","128","0","true","50","gat","125","0.0004610771013368098","","","","0.0001","","sgd","2","","","","","","","","","","","","","","","","","15","1.2366117999908772","1.3281326925053316","0.7150290012359619","1.0535773038864136","0.05451507126266264"
"confused-sweep-173","","finished","-","","","2026-02-06T16:12:44.000Z","65","0q7pb3yf","2","256","0.3","false","100","gat","106","0.005597504715030219","","","","0.0001","","sgd","2","","","","","","","","","","","","","","","","","15","1.0286222745974858","","0.8293159008026123","1.095624923706055","0.05450037974767319"
"spring-sweep-652","","finished","-","","","2026-02-06T22:23:34.000Z","31","0q7pb3yf","2","128","0.5","true","100","gat","117","0.0013751931205967425","","","","0.0001","","sgd","1","","","","","","","","","","","","","","","","","15","1.354000948845072","1.3260440861477572","0.759225606918335","1.053667068481445","0.05443449923550581"
"ruby-sweep-605","","finished","-","","","2026-02-06T21:41:16.000Z","23","0q7pb3yf","2","128","0.5","true","50","gat","13","0.00013600638848909385","","","","0.0001","","adam","2","","","","","","","","","","","","","","","","","15","2.2377623700081033","1.300523596651414","0.7204887866973877","1.0547980070114136","0.05341970643042826"
"distinctive-sweep-607","","finished","-","","","2026-02-06T21:42:21.000Z","74","0q7pb3yf","1","64","0.3","true","150","gcn","121","0.00010950254691251453","","","","0.0001","","sgd","2","","","","","","","","","","","","","","","","","15","1.114456767997434","1.267892797203625","0.7068393230438232","1.0550620555877686","0.05318272554494097"
"copper-sweep-251","","finished","-","","","2026-02-06T17:18:03.000Z","54","0q7pb3yf","4","32","0","true","50","gat","99","0.0002482882150403202","","","","0.0001","","sgd","1","","","","","","","","","","","","","","","","","15","1.132696491976579","1.3090286623029148","0.7034710049629211","1.055411458015442","0.05286913262104487"
"sunny-sweep-977","","finished","-","","","2026-02-07T02:35:39.000Z","26","0q7pb3yf","4","32","0","true","100","gat","101","0.004399054024341366","","","","0.0001","","sgd","1","","","","","","","","","","","","","","","","","15","1.016854600079598","1.437118788852411","0.6530016660690308","1.0554523468017578","0.052832466061327965"
"hopeful-sweep-213","","finished","-","","","2026-02-06T16:44:23.000Z","34","0q7pb3yf","4","32","0","true","50","gcn","16","0.00030512018206986795","","","","0.0001","","sgd","1","","","","","","","","","","","","","","","","","15","1.1111823471002682","1.305921016370549","0.7163633704185486","1.055607795715332","0.05269290810945326"
"rural-sweep-973","","finished","-","","","2026-02-07T02:32:41.000Z","48","0q7pb3yf","2","256","0.3","false","150","gat","26","0.00044108343757659745","","","","0.0001","","sgd","1","","","","","","","","","","","","","","","","","15","1.4195737938086193","","0.7395557761192322","1.0977760553359983","0.05264390980900302"
"dulcet-sweep-100","","finished","-","","","2026-02-06T15:19:05.000Z","140","0q7pb3yf","8","256","0.5","false","100","gat","72","0.0006838216274174556","","","","0.0001","","adam","3","","","","","","","","","","","","","","","","","15","0.9274546330173812","","0.8526607751846313","1.0978044271469116","0.05261938998262427"
"iconic-sweep-723","","finished","-","","","2026-02-06T23:17:02.000Z","28","0q7pb3yf","4","64","0.5","true","50","gcn","108","0.0003518418125895667","","","","0.0001","","sgd","3","","","","","","","","","","","","","","","","","15","1.12835725597156","1.2387258831192465","0.7156271934509277","1.05570387840271","0.05260683216051798"
"eternal-sweep-795","","finished","-","","","2026-02-07T00:15:19.000Z","61","0q7pb3yf","2","128","0.3","true","150","gat","124","0.00016804918781563393","","","","0.0001","","sgd","3","","","","","","","","","","","","","","","","","15","1.3693731718874993","1.287022352218628","0.7239663600921631","1.05630624294281","0.0520661216930276"
"dashing-sweep-25","","finished","-","","","2026-02-06T14:13:55.000Z","38","0q7pb3yf","8","128","0","true","150","gcn","121","0.0004276110494275852","","","","0.0001","","sgd","1","","","","","","","","","","","","","","","","","15","1.0804039899339066","1.3005754877539242","0.700278639793396","1.0564802885055542","0.05191000567997017"
"drawn-sweep-120","","finished","-","","","2026-02-06T15:34:56.000Z","91","0q7pb3yf","8","256","0","false","100","gat","47","0.000861581704108399","","","","0.0001","","sgd","3","","","","","","","","","","","","","","","","","15","1.1449550911784172","","0.7384160161018372","1.0988750457763672","0.05169552044093073"
"laced-sweep-268","","finished","-","","","2026-02-06T17:27:28.000Z","21","0q7pb3yf","1","64","0","false","50","gcn","13","0.0004429676297937339","","","","0.0001","","sgd","3","","","","","","","","","","","","","","","","","15","1.1263417736176522","","0.7326655387878418","1.100353717803955","0.05041944409376109"
"valiant-sweep-598","","finished","-","","","2026-02-06T21:36:06.000Z","28","0q7pb3yf","1","64","0.5","false","50","gat","100","0.005326322327204713","","","","0.0001","","adam","3","","","","","","","","","","","","","","","","","15","1.0060297545566357","","0.6824613213539124","1.100946068763733","0.04990824380113201"
"dulcet-sweep-1014","","finished","-","","","2026-02-07T03:01:03.000Z","34","0q7pb3yf","8","128","0","false","100","gcn","128","0.00028046585172658957","","","","0.0001","","sgd","3","","","","","","","","","","","","","","","","","15","1.133566732102252","","0.7298375368118286","1.1011244058609009","0.049754367468066496"
"sweepy-sweep-1103","","finished","-","","","2026-02-07T04:13:42.000Z","56","0q7pb3yf","2","128","0.3","true","150","gcn","118","0.00045201570189185746","","","","0.0001","","sgd","1","","","","","","","","","","","","","","","","","15","1.1374529714279986","1.289954876198488","0.6958589553833008","1.0589599609375","0.049684695519230715"
"fanciful-sweep-223","","finished","-","","","2026-02-06T16:52:04.000Z","15","0q7pb3yf","2","256","0.3","true","100","gcn","107","0.0041663327021322465","","","","0.0001","","sgd","2","","","","","","","","","","","","","","","","","15","1.054714413980643","1.3177682161331177","0.6776450872421265","1.0590797662734983","0.04957723856010854"
"rural-sweep-355","","finished","-","","","2026-02-06T18:34:10.000Z","14","0q7pb3yf","4","64","0","true","100","gcn","40","0.003706148546637861","","","","0.0001","","sgd","1","","","","","","","","","","","","","","","","","15","0.9887443758467191","1.3936431337805355","0.6613492369651794","1.0594547986984253","0.04924063253781641"
"vital-sweep-439","","finished","-","","","2026-02-06T19:28:17.000Z","70","0q7pb3yf","4","32","0.5","true","150","gcn","54","0.00013705959116020028","","","","0.0001","","sgd","1","","","","","","","","","","","","","","","","","15","1.1825537492511091","1.2759678241084604","0.6984278559684753","1.0595245361328125","0.04917804514111068"
"deft-sweep-674","","finished","-","","","2026-02-06T22:38:02.000Z","22","0q7pb3yf","1","256","0.3","true","50","gat","90","0.0006091085202798873","","","","0.0001","","sgd","1","","","","","","","","","","","","","","","","","15","1.8783963720003765","1.321708533498976","0.7333231568336487","1.0602185726165771","0.0485551646067125"
"crisp-sweep-617","","finished","-","","","2026-02-06T21:54:38.000Z","22","0q7pb3yf","2","256","0","false","50","gat","9","0.0004160533980912915","","","","0.0001","","adam","2","","","","","","","","","","","","","","","","","15","1.1948844939470291","","0.7278661727905273","1.1036075353622437","0.04761160144407184"
"crisp-sweep-550","","finished","-","","","2026-02-06T20:57:36.000Z","27","0q7pb3yf","1","128","0.3","true","50","gat","32","0.00032728688398074265","","","","0.0001","","sgd","1","","","","","","","","","","","","","","","","","15","1.7231269009569858","1.3130197174408855","0.7186825275421143","1.061739206314087","0.04719066999623778"
"swept-sweep-699","","finished","-","","","2026-02-06T23:00:33.000Z","25","0q7pb3yf","2","256","0.5","false","50","gat","73","0.0012039426939985424","","","","0.0001","","sgd","2","","","","","","","","","","","","","","","","","15","1.479618951678276","","0.7368507385253906","1.1044632196426392","0.046872996752886587"
"fearless-sweep-62","","finished","-","","","2026-02-06T14:49:25.000Z","29","0q7pb3yf","4","256","0.5","false","50","gat","43","0.0012661560170193068","","","","0.0001","","sgd","3","","","","","","","","","","","","","","","","","15","1.2263626009225843","","0.7554482817649841","1.105549693107605","0.04593542677015039"
"fresh-sweep-4","","finished","-","","","2026-02-06T13:57:12.000Z","52","0q7pb3yf","2","128","0.3","true","150","gcn","27","0.00038729519952169063","","","","0.0001","","sgd","1","","","","","","","","","","","","","","","","","15","1.2031773582417915","1.3165749206262476","0.7209003567695618","1.064026951789856","0.04513758923484701"
"copper-sweep-655","","finished","-","","","2026-02-06T22:26:32.000Z","57","0q7pb3yf","2","64","0.5","false","100","gat","105","0.00010484505161653288","","","","0.0001","","sgd","3","","","","","","","","","","","","","","","","","15","1.3550434336867383","","0.7408599853515625","1.10699200630188","0.044690785571581015"
"rural-sweep-430","","finished","-","","","2026-02-06T19:23:47.000Z","24","0q7pb3yf","2","256","0.3","true","100","gat","52","0.0003899684364724584","","","","0.0001","","adam","1","","","","","","","","","","","","","","","","","15","1.4768970012664795","1.35201092561086","0.7686796188354492","1.0646038055419922","0.04461989207537287"
"fanciful-sweep-519","","finished","-","","","2026-02-06T20:29:41.000Z","32","0q7pb3yf","1","128","0","false","100","gat","38","0.0012888150656409413","","","","0.0001","","sgd","1","","","","","","","","","","","","","","","","","15","1.1374630446129657","","0.7333541512489319","1.1077218055725098","0.044061069137764086"
"happy-sweep-541","","finished","-","","","2026-02-06T20:46:31.000Z","37","0q7pb3yf","4","256","0.5","true","100","gat","20","0.0007749710854299594","","","","0.0001","","sgd","1","","","","","","","","","","","","","","","","","15","1.51747923096021","1.331176930003696","0.7604320645332336","1.065514087677002","0.0438030585720981"
"devout-sweep-10","","finished","-","","","2026-02-06T14:02:46.000Z","53","0q7pb3yf","8","128","0","true","100","gat","44","0.0013533265876826694","","","","0.0001","","sgd","2","","","","","","","","","","","","","","","","","15","1.0865533821126248","1.3340487725594463","0.6811584830284119","1.065944790840149","0.04341648939010734"
"dandy-sweep-1076","","finished","-","","","2026-02-07T03:53:35.000Z","18","0q7pb3yf","4","256","0.3","true","150","gat","46","0.008705810348199753","","","","0.0001","","adam","1","","","","","","","","","","","","","","","","","15","1.0573165640234947","1.548828853501214","0.831078290939331","1.0659475326538086","0.0434140799134769"
"earthy-sweep-874","","finished","-","","","2026-02-07T01:16:48.000Z","53","0q7pb3yf","8","64","0.3","true","150","gcn","53","0.00019826542753381736","","","","0.0001","","sgd","2","","","","","","","","","","","","","","","","","15","1.1201232014804758","1.264662958243314","0.7038747072219849","1.066109299659729","0.04326887456204764"
"playful-sweep-271","","finished","-","","","2026-02-06T17:30:22.000Z","61","0q7pb3yf","4","32","0","true","150","gat","77","0.0001344088050258385","","","","0.0001","","sgd","1","","","","","","","","","","","","","","","","","15","1.2415312015882105","1.324798795668518","0.729932427406311","1.0667606592178345","0.04268431531737782"
"dry-sweep-1067","","finished","-","","","2026-02-07T03:48:36.000Z","44","0q7pb3yf","2","128","0","true","150","gat","91","0.0002256835082680286","","","","0.0001","","sgd","3","","","","","","","","","","","","","","","","","15","1.1903342985092324","1.2672465092995588","0.7219362258911133","1.0669466257095337","0.04251752151872146"
"ethereal-sweep-525","","finished","-","","","2026-02-06T20:33:18.000Z","41","0q7pb3yf","1","256","0.5","false","100","gat","114","0.00030269589480266086","","","","0.0001","","sgd","3","","","","","","","","","","","","","","","","","15","1.5901539127031965","","0.7326431274414062","1.1101889610290527","0.04193192145616098"
"hopeful-sweep-330","","finished","-","","","2026-02-06T18:10:34.000Z","69","0q7pb3yf","8","32","0","true","150","gcn","80","0.00011759129599932734","","","","0.0001","","sgd","2","","","","","","","","","","","","","","","","","15","1.0871349967295123","1.2770111679154283","0.7089985609054565","1.0675992965698242","0.04193169649843287"
"quiet-sweep-539","","finished","-","","","2026-02-06T20:43:49.000Z","130","0q7pb3yf","8","64","0.5","true","150","gat","32","0.00013522783113473813","","","","0.0001","","sgd","2","","","","","","","","","","","","","","","","","15","1.3203830661312226","1.3214412366642672","0.7558080554008484","1.0678404569625854","0.0417153492723531"
"olive-sweep-408","","finished","-","","","2026-02-06T19:09:33.000Z","87","0q7pb3yf","8","32","0.3","false","100","gat","50","0.00015183669364807762","","","","0.0001","","sgd","1","","","","","","","","","","","","","","","","","15","1.244971408638903","","0.7721945643424988","1.1110961437225342","0.04114908115032212"
"breezy-sweep-96","","finished","-","","","2026-02-06T15:16:42.000Z","22","0q7pb3yf","2","64","0","true","50","gat","68","0.0004036452946279468","","","","0.0001","","adam","1","","","","","","","","","","","","","","","","","15","1.0440755281397092","1.4092468742062063","0.7860564589500427","1.0690425634384155","0.04063654822350893"
"earnest-sweep-341","","finished","-","","","2026-02-06T18:19:29.000Z","16","0q7pb3yf","1","128","0.3","true","100","gat","46","0.00017721345486332925","","","","0.0001","","adam","1","","","","","","","","","","","","","","","","","15","1.8276230832363696","1.3690785134539885","0.7311268448829651","1.069123387336731","0.04056399733434757"
"honest-sweep-671","","finished","-","","","2026-02-06T22:36:28.000Z","51","0q7pb3yf","8","64","0.3","true","150","gat","40","0.0006539125467341549","","","","0.0001","","sgd","1","","","","","","","","","","","","","","","","","15","1.2659959802704472","1.347521440071218","0.7666901350021362","1.0693944692611694","0.04032068674092249"
"azure-sweep-153","","finished","-","","","2026-02-06T15:58:18.000Z","31","0q7pb3yf","2","256","0.5","true","100","gcn","24","0.0008041540945648234","","","","0.0001","","sgd","2","","","","","","","","","","","","","","","","","15","1.2079022899270058","1.2690520154105291","0.7065495252609253","1.069443702697754","0.0402765412991255"
"fearless-sweep-661","","finished","-","","","2026-02-06T22:31:39.000Z","34","0q7pb3yf","1","128","0","true","150","gat","124","0.0004697255743878688","","","","0.0001","","sgd","2","","","","","","","","","","","","","","","","","15","1.2114813150243555","1.2770700840389029","0.7260951399803162","1.0695960521697998","0.040139858601284106"
"rural-sweep-42","","finished","-","","","2026-02-06T14:30:19.000Z","26","0q7pb3yf","2","64","0.3","true","150","gcn","12","0.0005592031837202096","","","","0.0001","","sgd","3","","","","","","","","","","","","","","","","","15","1.1158638493989104","1.224407721968258","0.7125561237335205","1.0704786777496338","0.039347746159381414"
"neat-sweep-244","","finished","-","","","2026-02-06T17:11:16.000Z","26","0q7pb3yf","1","64","0.5","false","50","gat","115","0.0002744753006857543","","","","0.0001","","sgd","1","","","","","","","","","","","","","","","","","15","1.6199823887117448","","0.7746776938438416","1.1137518882751465","0.03885714143200614"
"faithful-sweep-883","","finished","-","","","2026-02-07T01:24:38.000Z","26","0q7pb3yf","1","64","0.3","true","150","gcn","8","0.0008840227607384568","","","","0.0001","","sgd","3","","","","","","","","","","","","","","","","","15","1.126144245747597","1.1824561708113726","0.7293117046356201","1.071460843086243","0.038466373421116695"
"fine-sweep-241","","finished","-","","","2026-02-06T17:07:56.000Z","124","0q7pb3yf","8","128","0.3","false","100","gat","68","0.000310266427108322","","","","0.0001","","sgd","3","","","","","","","","","","","","","","","","","15","1.206249436165424","","0.7549260854721069","1.1142146587371826","0.03845779828137219"
"elated-sweep-1108","","finished","-","","","2026-02-07T04:22:23.000Z","77","0q7pb3yf","4","64","0.5","true","50","gat","46","0.0003165339486857258","","","","0.0001","","sgd","1","","","","","","","","","","","","","","","","","15","1.500841106778832","1.353241692571079","0.7631177306175232","1.0719701051712036","0.038009372114123474"
"dainty-sweep-884","","finished","-","","","2026-02-07T01:25:06.000Z","47","0q7pb3yf","8","32","0","true","150","gat","109","0.0010415773772585258","","","","0.0001","","sgd","2","","","","","","","","","","","","","","","","","15","1.0366682858877283","1.3683048889917486","0.6680380702018738","1.0725423097610474","0.037495925275642605"
"hopeful-sweep-1079","","finished","-","","","2026-02-07T03:55:08.000Z","79","0q7pb3yf","8","256","0.5","true","50","gat","91","0.00016269351804373524","","","","0.0001","","adam","3","","","","","","","","","","","","","","","","","15","1.2733470449844997","1.410701698727078","0.7809602618217468","1.073075771331787","0.037017173190462827"
"bumbling-sweep-1089","","finished","-","","","2026-02-07T04:03:14.000Z","36","0q7pb3yf","8","256","0.3","true","50","gat","68","0.0008704956616545677","","","","0.0001","","adam","3","","","","","","","","","","","","","","","","","15","1.1102787752946215","1.4099388519922893","0.7962092161178589","1.0735223293304443","0.03661633389512897"
"earthy-sweep-431","","finished","-","","","2026-02-06T19:24:15.000Z","35","0q7pb3yf","1","32","0.5","true","50","gcn","21","0.0001628106257889604","","","","0.0001","","sgd","2","","","","","","","","","","","","","","","","","15","1.226655079632677","1.273475014111575","0.711380124092102","1.073522448539734","0.03661625466220175"
"swift-sweep-487","","finished","-","","","2026-02-06T20:05:05.000Z","96","0q7pb3yf","4","32","0","true","150","gcn","10","0.00010531973983419212","","","","0.0001","","sgd","1","","","","","","","","","","","","","","","","","15","1.096207570645117","1.2954706356805914","0.7137407660484314","1.0739452838897705","0.036236864503975785"
"azure-sweep-1037","","finished","-","","","2026-02-07T03:21:01.000Z","28","0q7pb3yf","4","64","0.5","true","50","gcn","111","0.000347728709626736","","","","0.0001","","sgd","1","","","","","","","","","","","","","","","","","15","1.2266141451815122","1.2970975549782024","0.719185471534729","1.0739727020263672","0.03621230016624055"
"upbeat-sweep-895","","finished","-","","","2026-02-07T01:35:59.000Z","107","0q7pb3yf","4","64","0.5","false","150","gat","112","0.00017046804268091466","","","","0.0001","","sgd","1","","","","","","","","","","","","","","","","","15","1.3965136005032448","","0.7712131142616272","1.118558406829834","0.034709165728214586"
"dauntless-sweep-511","","finished","-","","","2026-02-06T20:22:47.000Z","32","0q7pb3yf","4","256","0.3","true","100","gcn","76","0.000823460182068493","","","","0.0001","","sgd","2","","","","","","","","","","","","","","","","","15","1.1463266809781392","1.309396068255107","0.7160959839820862","1.0759446620941162","0.03444263946977211"
"fallen-sweep-370","","finished","-","","","2026-02-06T18:44:17.000Z","67","0q7pb3yf","2","64","0","false","150","gat","31","0.00012454964673709062","","","","0.0001","","sgd","1","","","","","","","","","","","","","","","","","15","1.1651910235804896","","0.743431806564331","1.1193735599517822","0.03400576472505834"
"deft-sweep-346","","finished","-","","","2026-02-06T18:23:02.000Z","40","0q7pb3yf","2","64","0","false","100","gcn","44","0.00015786459105157828","","","","0.0001","","sgd","2","","","","","","","","","","","","","","","","","15","1.157524901051675","","0.7441978454589844","1.1194247007369995","0.03396164449645467"
"whole-sweep-660","","finished","-","","","2026-02-06T22:30:56.000Z","38","0q7pb3yf","4","256","0","false","50","gat","79","0.002116317967458113","","","","0.0001","","sgd","2","","","","","","","","","","","","","","","","","15","1.1716334993640585","","0.744351327419281","1.119688630104065","0.03373393025748972"
"curious-sweep-851","","finished","-","","","2026-02-07T01:00:57.000Z","34","0q7pb3yf","1","64","0.5","false","50","gcn","71","0.0003815837652566028","","","","0.0001","","sgd","1","","","","","","","","","","","","","","","","","15","1.2616971776049624","","0.744593620300293","1.1213089227676392","0.03233556672177951"
"radiant-sweep-606","","finished","-","","","2026-02-06T21:41:43.000Z","33","0q7pb3yf","2","256","0","true","150","gcn","12","0.00026715257716004674","","","","0.0001","","adam","1","","","","","","","","","","","","","","","","","15","1.1299287502964337","1.3613941669464111","0.7147876024246216","1.0814119577407837","0.029536163885694577"
"fanciful-sweep-553","","finished","-","","","2026-02-06T21:02:17.000Z","102","0q7pb3yf","8","256","0.3","true","150","gat","107","0.0007596765262941361","","","","0.0001","","adam","1","","","","","","","","","","","","","","","","","15","1.0517639418443043","1.5340233908759222","0.8265252709388733","1.0815668106079102","0.02939724515070163"
"dry-sweep-913","","finished","-","","","2026-02-07T01:51:18.000Z","14","0q7pb3yf","4","64","0.5","true","50","gat","13","0.0017017809808811402","","","","0.0001","","adam","1","","","","","","","","","","","","","","","","","15","1.1477749732232865","1.439697816091425","0.8130847215652466","1.085107922554016","0.026219449437573705"
"lyric-sweep-678","","finished","-","","","2026-02-06T22:41:59.000Z","166","0q7pb3yf","8","64","0.5","true","100","gat","93","0.00015349241663292957","","","","0.0001","","sgd","1","","","","","","","","","","","","","","","","","15","1.437212824180562","1.389767404864816","0.7786651253700256","1.085405349731445","0.025952623934373698"
"dauntless-sweep-231","","finished","-","","","2026-02-06T16:59:50.000Z","50","0q7pb3yf","4","256","0.5","true","150","gcn","58","0.000605327498818839","","","","0.0001","","sgd","1","","","","","","","","","","","","","","","","","15","1.209829308092594","1.324481632974413","0.7156761288642883","1.0856717824935913","0.025713490297258668"
"fast-sweep-696","","finished","-","","","2026-02-06T22:56:19.000Z","169","0q7pb3yf","8","128","0","true","100","gat","101","0.00017205482329309154","","","","0.0001","","sgd","3","","","","","","","","","","","","","","","","","15","1.2785412073135376","1.3363488526905285","0.7394367456436157","1.0863008499145508","0.02514890372087042"
"distinctive-sweep-1071","","finished","-","","","2026-02-07T03:51:40.000Z","40","0q7pb3yf","2","128","0","true","100","gcn","91","0.00025055777126878397","","","","0.0001","","sgd","3","","","","","","","","","","","","","","","","","15","1.158336414935741","1.2674556304426754","0.7259607911109924","1.086723566055298","0.024769593373569543"
"devout-sweep-108","","finished","-","","","2026-02-06T15:25:10.000Z","69","0q7pb3yf","1","32","0.3","true","100","gcn","9","0.00014549987254580066","","","","0.0001","","sgd","1","","","","","","","","","","","","","","","","","15","1.2308534143432497","1.237334073466413","0.7151688933372498","1.088625431060791","0.02306275847051875"
"rosy-sweep-848","","finished","-","","","2026-02-07T00:59:13.000Z","32","0q7pb3yf","2","256","0","true","50","gat","94","0.0024860865864323517","","","","0.0001","","sgd","1","","","","","","","","","","","","","","","","","15","1.1556209524472554","1.3937297927008734","0.6884578466415405","1.0889830589294434","0.022741881451393553"
"flowing-sweep-743","","finished","-","","","2026-02-06T23:38:59.000Z","23","0q7pb3yf","4","128","0.3","false","50","gat","17","0.0004755726428079157","","","","0.0001","","sgd","3","","","","","","","","","","","","","","","","","15","1.2866961905296812","","0.7475541830062866","1.133809208869934","0.02154812782194115"
"vibrant-sweep-161","","finished","-","","","2026-02-06T16:03:24.000Z","19","0q7pb3yf","2","32","0","true","50","gat","45","0.002860827834537033","","","","0.0001","","adam","2","","","","","","","","","","","","","","","","","15","0.9845821176485348","1.5904391223893446","0.6557713150978088","1.0920802354812622","0.01996236329169387"
"warm-sweep-367","","finished","-","","","2026-02-06T18:42:18.000Z","32","0q7pb3yf","4","256","0.3","true","100","gcn","38","0.0004431369860972137","","","","0.0001","","sgd","3","","","","","","","","","","","","","","","","","15","1.2367055664459865","1.2210325532489352","0.7306756377220154","1.0926637649536133","0.01943871485832316"
"wobbly-sweep-585","","finished","-","","","2026-02-06T21:27:51.000Z","48","0q7pb3yf","4","32","0.3","false","50","gat","118","0.0001272947817092901","","","","0.0001","","sgd","3","","","","","","","","","","","","","","","","","15","1.3049987413549935","","0.770642101764679","1.136635422706604","0.019109198667886185"
"sleek-sweep-133","","finished","-","","","2026-02-06T15:43:18.000Z","52","0q7pb3yf","8","128","0.5","true","150","gcn","24","0.0002595470894156571","","","","0.0001","","sgd","1","","","","","","","","","","","","","","","","","15","1.30459311667909","1.3070163025575523","0.7189517021179199","1.0936630964279177","0.01854193063755316"
"classic-sweep-317","","finished","-","","","2026-02-06T18:02:02.000Z","25","0q7pb3yf","8","256","0","false","100","gcn","35","0.0007277191864179525","","","","0.0001","","sgd","1","","","","","","","","","","","","","","","","","15","1.1682951698700588","","0.7552831768989563","1.1373460292816162","0.01849589237238181"
"charmed-sweep-165","","finished","-","","","2026-02-06T16:05:14.000Z","179","0q7pb3yf","8","256","0","false","100","gat","100","0.0009479811009967216","","","","0.0001","","sgd","1","","","","","","","","","","","","","","","","","15","1.1829234138131142","","0.7612449526786804","1.138245940208435","0.01771930661761134"
"revived-sweep-536","","finished","-","","","2026-02-06T20:40:13.000Z","37","0q7pb3yf","8","256","0.3","true","100","gcn","36","0.0009111582913583852","","","","0.0001","","sgd","1","","","","","","","","","","","","","","","","","15","1.1873293047149975","1.25081870953242","0.717872142791748","1.0950186252593994","0.017325502669379045"
"eager-sweep-1011","","finished","-","","","2026-02-07T02:58:59.000Z","37","0q7pb3yf","1","32","0","false","50","gat","112","0.0003800682347148347","","","","0.0001","","sgd","1","","","","","","","","","","","","","","","","","15","1.1618583936204192","","0.7292709350585938","1.1389410495758057","0.017119444914289628"
"twilight-sweep-932","","finished","-","","","2026-02-07T02:05:30.000Z","28","0q7pb3yf","8","256","0","true","100","gcn","14","0.0002217631166662956","","","","0.0001","","adam","2","","","","","","","","","","","","","","","","","15","1.0618601863582928","1.3314977751837835","0.7208357453346252","1.0955955982208252","0.016807727531472083"
"proud-sweep-63","","finished","-","","","2026-02-06T14:49:58.000Z","53","0q7pb3yf","2","256","0","true","150","gat","24","0.00020895779618588777","","","","0.0001","","sgd","1","","","","","","","","","","","","","","","","","15","1.3215096493562062","1.3946250677108765","0.7337485551834106","1.0961966514587402","0.01626837017947791"
"fancy-sweep-123","","finished","-","","","2026-02-06T15:37:18.000Z","27","0q7pb3yf","2","256","0.5","false","100","gcn","68","0.0004024076281247687","","","","0.0001","","sgd","3","","","","","","","","","","","","","","","","","15","1.227688896159331","","0.739559531211853","1.140281319618225","0.015962919624553096"
"young-sweep-50","","finished","-","","","2026-02-06T14:37:00.000Z","60","0q7pb3yf","4","256","0.5","true","50","gat","102","0.004073537140959086","","","","0.0001","","sgd","1","","","","","","","","","","","","","","","","","15","1.2400376399358113","1.3588765727149117","0.6794365644454956","1.097306728363037","0.015272319510817756"
"icy-sweep-205","","finished","-","","","2026-02-06T16:38:02.000Z","36","0q7pb3yf","2","256","0","true","150","gat","40","0.0008497212177925877","","","","0.0001","","sgd","1","","","","","","","","","","","","","","","","","15","1.2911656697591145","1.2718412611219618","0.752207338809967","1.0975974798202517","0.015011180225584677"
"northern-sweep-1084","","finished","-","","","2026-02-07T03:58:39.000Z","48","0q7pb3yf","1","64","0","false","100","gat","112","0.00019094512307352927","","","","0.0001","","sgd","1","","","","","","","","","","","","","","","","","15","1.196168270803267","","0.7512897849082947","1.1421561241149902","0.014344966832508854"
"unique-sweep-834","","finished","-","","","2026-02-07T00:45:23.000Z","86","0q7pb3yf","4","256","0","true","100","gat","70","0.00033592768595104333","","","","0.0001","","sgd","1","","","","","","","","","","","","","","","","","15","1.309944321711858","1.3338191707928977","0.7430060505867004","1.0994927883148191","0.013310410096277092"
"resilient-sweep-1078","","finished","-","","","2026-02-07T03:54:14.000Z","49","0q7pb3yf","4","128","0.3","false","100","gat","39","0.00027680404550376364","","","","0.0001","","sgd","3","","","","","","","","","","","","","","","","","15","1.3125425970300717","","0.7622878551483154","1.1435524225234983","0.01313996983196608"
"bumbling-sweep-892","","finished","-","","","2026-02-07T01:33:01.000Z","43","0q7pb3yf","1","128","0.5","true","100","gat","19","0.00011527809894689","","","","0.0001","","adam","1","","","","","","","","","","","","","","","","","15","1.7710510745961616","1.3091987862306482","0.7830652594566345","1.100056529045105","0.012804408648232846"
"driven-sweep-997","","finished","-","","","2026-02-07T02:48:36.000Z","25","0q7pb3yf","8","128","0.3","true","50","gcn","50","0.0004037678749247794","","","","0.0001","","sgd","3","","","","","","","","","","","","","","","","","15","1.1993562300154503","1.275897825465483","0.7241149544715881","1.1013333797454834","0.011658678382169718"
"helpful-sweep-163","","finished","-","","","2026-02-06T16:04:19.000Z","19","0q7pb3yf","1","256","0","true","50","gcn","57","0.00011084820818351224","","","","0.0001","","adam","1","","","","","","","","","","","","","","","","","15","1.12957468132178","1.350229541460673","0.7362273335456848","1.102724552154541","0.010410104068687698"
"silver-sweep-448","","finished","-","","","2026-02-06T19:34:07.000Z","43","0q7pb3yf","4","256","0.5","true","100","gcn","118","0.00044634963878212015","","","","0.0001","","sgd","3","","","","","","","","","","","","","","","","","15","1.2303502336144447","1.2537735303243","0.7321893572807312","1.104796051979065","0.00855120496769679"
"apricot-sweep-420","","finished","-","","","2026-02-06T19:17:26.000Z","30","0q7pb3yf","1","256","0","true","150","gat","28","0.00021574104782114373","","","","0.0001","","adam","2","","","","","","","","","","","","","","","","","15","1.2308113823334377","1.2052629192670186","0.7517578601837158","1.1048202514648438","0.008529482913940734"
"revived-sweep-139","","finished","-","","","2026-02-06T15:48:08.000Z","14","0q7pb3yf","1","256","0","true","100","gat","29","0.007914025224094717","","","","0.0001","","adam","2","","","","","","","","","","","","","","","","","15","1.1337069322665532","1.218396418624454","0.7283174395561218","1.104954957962036","0.008408524756434832"
"apricot-sweep-854","","finished","-","","","2026-02-07T01:02:36.000Z","30","0q7pb3yf","4","128","0.5","true","150","gat","32","0.0004734585088800174","","","","0.0001","","adam","1","","","","","","","","","","","","","","","","","15","1.1766743799473376","1.4633863182628857","0.8251650929450989","1.1050206422805786","0.00834969775961314"
"efficient-sweep-1052","","finished","-","","","2026-02-07T03:37:47.000Z","54","0q7pb3yf","8","128","0.3","true","50","gat","47","0.00032753892207769517","","","","0.0001","","sgd","2","","","","","","","","","","","","","","","","","15","1.443610318163608","1.378607434384963","0.7678484320640564","1.1054625511169434","0.007953209941085948"
"devout-sweep-53","","finished","-","","","2026-02-06T14:40:46.000Z","56","0q7pb3yf","1","256","0","false","150","gat","121","0.00030043614893226464","","","","0.0001","","sgd","2","","","","","","","","","","","","","","","","","15","1.248297894994418","","0.7535513639450073","1.150024175643921","0.007554933245664697"
"devout-sweep-186","","finished","-","","","2026-02-06T16:22:36.000Z","30","0q7pb3yf","4","256","0.5","true","50","gat","104","0.0004355898592653824","","","","0.0001","","adam","3","","","","","","","","","","","","","","","","","15","1.3692357291777928","1.3636281490325928","0.7951184511184692","1.106819987297058","0.006734927975216798"
"effortless-sweep-422","","finished","-","","","2026-02-06T19:18:21.000Z","24","0q7pb3yf","4","64","0.3","true","50","gat","42","0.000168540342356976","","","","0.0001","","adam","2","","","","","","","","","","","","","","","","","15","1.1564644408482376","1.4323008218232325","0.8220515847206116","1.1083885431289673","0.005327382040455131"
"azure-sweep-373","","finished","-","","","2026-02-06T18:46:56.000Z","23","0q7pb3yf","2","128","0.5","false","50","gat","65","0.00025278971143357775","","","","0.0001","","adam","1","","","","","","","","","","","","","","","","","15","1.1750960121763514","","0.83957439661026","1.1529653072357178","0.005016957803980704"
"gentle-sweep-621","","finished","-","","","2026-02-06T21:57:37.000Z","67","0q7pb3yf","8","64","0.5","false","100","gat","24","0.0004463110713550609","","","","0.0001","","adam","1","","","","","","","","","","","","","","","","","15","0.9355071892020524","","0.8851741552352905","1.15346097946167","0.004589153013168645"
"quiet-sweep-221","","finished","-","","","2026-02-06T16:50:10.000Z","56","0q7pb3yf","2","256","0","true","150","gat","8","0.0003277436778490695","","","","0.0001","","sgd","3","","","","","","","","","","","","","","","","","15","1.226836584508419","1.2864723338021171","0.7555069327354431","1.1101784706115725","0.0037210258610044233"
"earnest-sweep-753","","finished","-","","","2026-02-06T23:44:58.000Z","20","0q7pb3yf","2","256","0.3","true","100","gat","124","0.0004963720302056333","","","","0.0001","","adam","1","","","","","","","","","","","","","","","","","15","1.357121763130029","1.376072605450948","0.7984660863876343","1.1102710962295532","0.003637869587085451"
"bright-sweep-948","","finished","-","","","2026-02-07T02:14:32.000Z","43","0q7pb3yf","2","128","0.3","false","100","gat","81","0.00016681559701739587","","","","0.0001","","sgd","3","","","","","","","","","","","","","","","","","15","1.3998617225504937","","0.7611005306243896","1.1549174785614014","0.0033322089480384287"
"pleasant-sweep-343","","finished","-","","","2026-02-06T18:20:35.000Z","37","0q7pb3yf","4","64","0","true","50","gat","58","0.00012136071386782603","","","","0.0001","","sgd","3","","","","","","","","","","","","","","","","","15","1.2752916550123563","1.287627158796086","0.7497977614402771","1.11117422580719","0.00282745027251019"
"hardy-sweep-736","","finished","-","","","2026-02-06T23:29:44.000Z","99","0q7pb3yf","8","128","0.5","true","150","gat","19","0.0002018863912279885","","","","0.0001","","sgd","2","","","","","","","","","","","","","","","","","15","1.3621558800656746","1.3497332825380213","0.7939537763595581","1.1120374202728271","0.002052776253110511"
"curious-sweep-1047","","finished","-","","","2026-02-07T03:35:36.000Z","26","0q7pb3yf","1","128","0","true","50","gat","17","0.0005373183291722779","","","","0.0001","","sgd","2","","","","","","","","","","","","","","","","","15","1.290415440468078","1.2861228760551005","0.7600563764572144","1.112055778503418","0.0020363598544343997"
"firm-sweep-32","","finished","-","","","2026-02-06T14:18:21.000Z","143","0q7pb3yf","2","32","0.5","false","150","gat","81","0.007635965047514316","","","","0.0001","","adam","1","","","","","","","","","","","","","","","","","15","1.1831231716499533","","0.7485216856002808","1.1589531898498535","-0.00015056393087431452"
"zesty-sweep-340","","finished","-","","","2026-02-06T18:18:46.000Z","42","0q7pb3yf","2","128","0","false","150","gcn","18","0.0002604746449001391","","","","0.0001","","sgd","2","","","","","","","","","","","","","","","","","15","1.1990076810755628","","0.7681242227554321","1.160430908203125","-0.001425870650114458"